
> aivota-aac@1.0.30 test:engine
> cross-env NODE_OPTIONS='--experimental-vm-modules' jest --config jest.config.engine.js --shard=1/3

ts-jest[config] (WARN) 
    The "ts-jest" config option "isolatedModules" is deprecated and will be removed in v30.0.0. Please use "isolatedModules: true" in C:/Users/Daniel/Documents/Apps/aac/CliniAACian/tsconfig.json instead, see https://www.typescriptlang.org/tsconfig/#isolatedModules
  
  console.log
    [dotenv@17.2.3] injecting env (49) from .env -- tip: 🔄 add secrets lifecycle management: https://dotenvx.com/ops

      at _log (node_modules/dotenv/lib/main.js:142:11)

(node:3820) ExperimentalWarning: VM Modules is an experimental feature and might change at any time
(Use `node --trace-warnings ...` to show where the warning was created)
FAIL server/tests/world-engine/trade-import-channel.test.ts (460.284 s)
  T3a — the import depot is APPENDED, and is not a stall
    √ 🔒 NO READER ⇒ the source list is exactly what it was (47 ms)
    √ 🚨 appends at the END — `srcIdx` is a persistence key, never a slot to insert into (29 ms)
    √ 🔒 its shelf is the LANE's allotment on the CARAVAN's day — the same closed form a stall runs (29 ms)
    √ 🚨 is excluded from everything that means 'a stall a producer supplies' (74 ms)
  T3 — the cargo list is a READING, and the bind is only when it starts
    √ splits the visit allotment across whatever the line actually carries — ONE definition (8 ms)
    √ 🔒 an UNBOUND line has nobody to read: refreshCargo is a no-op (4 ms)
    √ 🚨 a BOUND line re-derives as the books move — the one-shot bind does not freeze the cargo (6 ms)
    √ 🔒 EQUAL WANTS reproduce the flat split, byte for byte (the shipped 3-kind line) (4 ms)
    √ 🚨 THE WORST SHORTAGE GETS THE LARGEST SHARE — and Σ is the allotment exactly (4 ms)
    √ 🔒 a ONE-GOOD cargo still lands the whole allotment (the live dollhouse case) (6 ms)
    √ the split FOLLOWS the books: re-derive, and the hold is re-dealt (4 ms)
    √ `dayPhase` is the CARAVAN's own day: 0 where `tradeDay` ticks over, and rises within it (4 ms)
  allotmentSplit — largest remainder over the cargo's own wants
    √ 🚨 CONSERVES EXACTLY, for every weighting and every total (64 ms)
    √ 🚨 the bigger bid takes the bigger share, ties to the CALLER's order (3 ms)
    √ 🔒 degenerate inputs never mint, never NaN, never throw (5 ms)
    √ 🔒 PURE — same inputs, same output, and the inputs are untouched (2 ms)
  exportPile — a town ships only what it can spare
    √ 🔒 NO READER ⇒ the pile is bit-for-bit what it always was (2 ms)
    √ 🚨 a town at the WANT GATE for its own export good ships NOTHING (2 ms)
    √ 🚨 …and THINS on the way there — the cliff is a slope now (8 ms)
    √ 🔒 the scale is read LIVE, and clamped at the boundary (6 ms)
  T4a — an unlicensed town with a licensed partner sees its shortage FALL
    × THE PREMISE: it weaves cloth and cannot sew it — no tailor, and a clothing shortage of 1 (7 ms)
    √ 🚨 B3 THE OWED TERM: a town that ships a third of its draw is not as fed as `got` says (4 ms)
    √ T3a LIVE: the depot is clothing's supply — an empty shelf, not an absent one (4 ms)
    √ 🚨 T3b THE FEED TERM IS THE NET'S OWN LAW, read live (2 ms)
    √ 🚨 THE END TO END: bind a partner with clothing to spare, and the shortage falls (244867 ms)
    × 🔒 T3b DURABILITY: the bank rides TownDeltas, and a reboot re-injects it (4140 ms)
  B2 — one caravan relieves for eight days, then the shortage climbs back
    √ 🚨 THE DRAIN IS THE KERNEL'S OWN LAW, run live on the day edge (11545 ms)
    √ 🚨 THE SAWTOOTH: full relief for ~8 days, then the honest climb back (126607 ms)
    √ 🔒 the multi-day skip is a MULTIPLIER, never a lost day (15626 ms)
    × 🚨 B5 THE CARAVAN DEBIT: what leaves on the cart leaves the books (2 ms)
  T4b — a standing trade lane is a hinterland JOB
    √ one active pair licenses `exchange`; none says nothing (3 ms)
    √ the sentence counts the lanes and prints the derivation, singular and plural (1 ms)
    √ it comes AFTER the terrain and the graph, and never displaces them (1 ms)
    √ …and it lifts the village cap: a jobless village that trades is a town (2 ms)
    √ the count is `activeTradePairs`, not a new number (3 ms)
  T4c — the parasite names who is covering it
    √ 🔒 no partner named ⇒ the shipped wording, verbatim (2 ms)
    √ a named partner is said out loud — same verdict, same strain (2 ms)
    √ within the ceiling the name is irrelevant — nothing is being covered (1 ms)

  ● T4a — an unlicensed town with a licensed partner sees its shortage FALL › THE PREMISE: it weaves cloth and cannot sew it — no tailor, and a clothing shortage of 1

    expect(received).toContain(expected) // indexOf

    Expected value: "weaver"
    Received array: ["hall", "market", "farm"]

    [0m [90m 436 |[39m   it([32m"THE PREMISE: it weaves cloth and cannot sew it — no tailor, and a clothing shortage of 1"[39m[33m,[39m () [33m=>[39m {
     [90m 437 |[39m     [36mconst[39m works [33m=[39m run[33m.[39msession[33m.[39mtown[33m![39m[33m.[39mplan[33m.[39mworks[33m.[39mmap((w) [33m=>[39m w[33m.[39mtype)[33m;[39m
    [31m[1m>[22m[39m[90m 438 |[39m     expect(works)[33m.[39mtoContain([32m"weaver"[39m)[33m;[39m [90m// the raw good is made here…[39m
     [90m     |[39m                   [31m[1m^[22m[39m
     [90m 439 |[39m     expect(works)[33m.[39mnot[33m.[39mtoContain([32m"tailor"[39m)[33m;[39m [90m// …and nothing in town refines it[39m
     [90m 440 |[39m     expect(scalar([32m"clothing_need"[39m))[33m.[39mtoBeGreaterThan([35m0[39m)[33m;[39m
     [90m 441 |[39m     expect(scalar([32m"clothing_got"[39m))[33m.[39mtoBe([35m0[39m)[33m;[39m[0m

      at Object.<anonymous> (server/tests/world-engine/trade-import-channel.test.ts:438:19)

  ● T4a — an unlicensed town with a licensed partner sees its shortage FALL › 🔒 T3b DURABILITY: the bank rides TownDeltas, and a reboot re-injects it

    expect(received).toBeCloseTo(expected, precision)

    Expected: -0.013861781425020966
    Received: 0

    Expected precision:    9
    Expected difference: < 0.0000000005
    Received difference:   0.013861781425020966

    [0m [90m 606 |[39m     [36mconst[39m debited [33m=[39m buildTownPlay({ seed[33m:[39m [33mSEED[39m[33m,[39m days[33m:[39m [33mYOUNG_DAYS[39m[33m,[39m deltas[33m:[39m saved })[33m;[39m
     [90m 607 |[39m     [36mconst[39m fresh [33m=[39m buildTownPlay({ seed[33m:[39m [33mSEED[39m[33m,[39m days[33m:[39m [33mYOUNG_DAYS[39m })[33m;[39m
    [31m[1m>[22m[39m[90m 608 |[39m     expect(debited[33m.[39mtown[33m.[39mscalar([32m"granary"[39m))[33m.[39mtoBeCloseTo(
     [90m     |[39m                                            [31m[1m^[22m[39m
     [90m 609 |[39m       fresh[33m.[39mtown[33m.[39mscalar([32m"granary"[39m) [33m+[39m saved[33m.[39mdriftBank[33m.[39mgranary[33m,[39m
     [90m 610 |[39m       [35m9[39m[33m,[39m
     [90m 611 |[39m     )[33m;[39m[0m

      at Object.<anonymous> (server/tests/world-engine/trade-import-channel.test.ts:608:44)

  ● B2 — one caravan relieves for eight days, then the shortage climbs back › 🚨 B5 THE CARAVAN DEBIT: what leaves on the cart leaves the books

    expect(received).toBeLessThan(expected)

    Expected: < 0
    Received:   0

    [0m [90m 726 |[39m     [36mconst[39m before [33m=[39m scalar([32m"granary"[39m)[33m;[39m
     [90m 727 |[39m     [36mconst[39m mirrorBefore [33m=[39m t[33m.[39mdeltas[33m.[39mdriftBank[33m.[39mgranary [33m?[39m[33m?[39m [35m0[39m[33m;[39m
    [31m[1m>[22m[39m[90m 728 |[39m     expect(mirrorBefore)[33m.[39mtoBeLessThan([35m0[39m)[33m;[39m [90m// earlier days already charged it[39m
     [90m     |[39m                          [31m[1m^[22m[39m
     [90m 729 |[39m     [36mconst[39m bucket [33m=[39m tr[33m.[39mtradeDay(run[33m.[39msession[33m.[39mtownClock)[33m;[39m
     [90m 730 |[39m     [36mconst[39m day [33m=[39m [33mMath[39m[33m.[39mfloor(run[33m.[39msession[33m.[39mtownClock [33m/[39m [33mFOOD_DAY_SEC[39m)[33m;[39m
     [90m 731 |[39m     crossInto(day [33m+[39m [35m1[39m)[33m;[39m[0m

      at Object.<anonymous> (server/tests/world-engine/trade-import-channel.test.ts:728:26)

  console.log
    [dotenv@17.2.3] injecting env (49) from .env -- tip: 🔐 prevent building .env in docker: https://dotenvx.com/prebuild

      at _log (node_modules/dotenv/lib/main.js:142:11)

FAIL server/tests/world-engine/masonry.test.ts
  the stonecutter makes a masonry (programs, both directions)
    √ BACKWARD: a standing stonecutter derives a masonry, which derives a masonry building (5 ms)
    √ BACKWARD: the bench claims its floor even in a FURNISHED work hall (2 ms)
    √ FORWARD: the masonry program is MET by its own bench and by nothing else (2 ms)
    √ precedence: the carpenter's bench still outranks the mason's (2 ms)
    √ the room row and the structure row agree on their one symbol (12 ms)
    √ the builder offers ONE masonry button, and it is the building's (4 ms)
    √ the bench is an APPLIANCE, and it is NOT an item the economy stocks (5 ms)
    √ the masonry cluster declares a floor a mason can work in (4 ms)
  the masonry as a buildable structure
    √ resolves from BOTH spoken names — the place and the bench (2 ms)
    √ raises the bench that defines it, and frames that same bench (3 ms)
    √ keeps a stock band — rough stone in, cut block out (4 ms)
    √ affords its cluster's floor and pays the block bill like every other row (2 ms)
  refineSpotOf — the material says where it is worked
    √ stone goes to the masonry and wood to the carpentry, in the same town (255 ms)
    √ an unmarked raw keeps the carpentry — the pre-split behavior, unchanged (138 ms)
    √ NO GATE: with no masonry standing, stone still has somewhere to be cut (238 ms)
    √ a VACATED masonry is no masonry at all (118 ms)
  ensureRefineOrders — which raw gets cut first
    √ a town with a masonry and NO carpentry cuts its stone first (97 ms)
    × the standing trade breaks a tie even when NEITHER raw is reachable (100 ms)
    √ NO GATE, the other way: reachable stock still outranks a standing bench (328 ms)
    × NO GATE: a masonry-less town with stone still cuts it (269 ms)
    √ with BOTH trades standing, the catalogue order still decides (235 ms)
    √ the choice is DETERMINISTIC — the same town answers the same way (560 ms)
    √ a head no raw refines into is still the honest starved bill (271 ms)

  ● ensureRefineOrders — which raw gets cut first › the standing trade breaks a tie even when NEITHER raw is reachable

    TypeError: Cannot read properties of undefined (reading 'produces')

    [0m [90m 333 |[39m     [36mconst[39m { play[33m,[39m session[33m,[39m director } [33m=[39m harness([masonry])[33m;[39m
     [90m 334 |[39m     director[33m.[39mensureRefineOrders(session[33m,[39m { block[33m:[39m [35m2[39m })[33m;[39m
    [31m[1m>[22m[39m[90m 335 |[39m     expect(posted(play)[33m![39m[33m.[39mproduces)[33m.[39mtoBe(refinedGlyphOf([32m"stone"[39m))[33m;[39m
     [90m     |[39m                         [31m[1m^[22m[39m
     [90m 336 |[39m   })[33m;[39m
     [90m 337 |[39m
     [90m 338 |[39m   it([32m"NO GATE, the other way: reachable stock still outranks a standing bench"[39m[33m,[39m () [33m=>[39m {[0m

      at Object.<anonymous> (server/tests/world-engine/masonry.test.ts:335:25)

  ● ensureRefineOrders — which raw gets cut first › NO GATE: a masonry-less town with stone still cuts it

    TypeError: Cannot read properties of undefined (reading 'produces')

    [0m [90m 358 |[39m     [36mconst[39m { rest } [33m=[39m director[33m.[39mensureRefineOrders(session[33m,[39m { block[33m:[39m [35m4[39m })[33m;[39m
     [90m 359 |[39m     expect(rest)[33m.[39mtoEqual({})[33m;[39m
    [31m[1m>[22m[39m[90m 360 |[39m     expect(posted(play)[33m![39m[33m.[39mproduces)[33m.[39mtoBe(refinedGlyphOf([32m"stone"[39m))[33m;[39m
     [90m     |[39m                         [31m[1m^[22m[39m
     [90m 361 |[39m     expect(posted(play)[33m![39m[33m.[39mat)[33m.[39mtoEqual(yardAt)[33m;[39m
     [90m 362 |[39m   })[33m;[39m
     [90m 363 |[39m[0m

      at Object.<anonymous> (server/tests/world-engine/masonry.test.ts:360:25)

  console.log
    [dotenv@17.2.3] injecting env (49) from .env -- tip: ✅ audit secrets and track compliance: https://dotenvx.com/ops

      at _log (node_modules/dotenv/lib/main.js:142:11)

PASS server/tests/world-engine/furniture-use-contract.test.ts (310.04 s)
  composition: the contact part lands ON the use point (pos + yaw), every body plan × facing
    √ chair is an on-fixture use (pelvis) (22 ms)
    √ chair · human_cute(1.7m) · facing 0.00: contact ON use-point (12407 ms)
    √ chair · human_cute(1.7m) · facing 1.57: contact ON use-point (10124 ms)
    √ chair · human_cute(1.7m) · facing 3.14: contact ON use-point (11932 ms)
    √ chair · human_cute(1.7m) · facing -1.57: contact ON use-point (11650 ms)
    √ chair · human(1.15m) · facing 0.00: contact ON use-point (9662 ms)
    √ chair · human(1.15m) · facing 1.57: contact ON use-point (8322 ms)
    √ chair · human(1.15m) · facing 3.14: contact ON use-point (10586 ms)
    √ chair · human(1.15m) · facing -1.57: contact ON use-point (11389 ms)
    √ chair · sheep(0.9m) · facing 0.00: contact ON use-point (6893 ms)
    √ chair · sheep(0.9m) · facing 1.57: contact ON use-point (6324 ms)
    √ chair · sheep(0.9m) · facing 3.14: contact ON use-point (11550 ms)
    √ chair · sheep(0.9m) · facing -1.57: contact ON use-point (2476 ms)
    √ toilet is an on-fixture use (pelvis) (1 ms)
    √ toilet · human_cute(1.7m) · facing 0.00: contact ON use-point (8211 ms)
    √ toilet · human_cute(1.7m) · facing 1.57: contact ON use-point (5390 ms)
    √ toilet · human_cute(1.7m) · facing 3.14: contact ON use-point (7271 ms)
    √ toilet · human_cute(1.7m) · facing -1.57: contact ON use-point (6848 ms)
    √ toilet · human(1.15m) · facing 0.00: contact ON use-point (8893 ms)
    √ toilet · human(1.15m) · facing 1.57: contact ON use-point (10976 ms)
    √ toilet · human(1.15m) · facing 3.14: contact ON use-point (10430 ms)
    √ toilet · human(1.15m) · facing -1.57: contact ON use-point (9451 ms)
    √ toilet · sheep(0.9m) · facing 0.00: contact ON use-point (8993 ms)
    √ toilet · sheep(0.9m) · facing 1.57: contact ON use-point (10936 ms)
    √ toilet · sheep(0.9m) · facing 3.14: contact ON use-point (9005 ms)
    √ toilet · sheep(0.9m) · facing -1.57: contact ON use-point (5623 ms)
    √ bed is an on-fixture use (torso) (1 ms)
    √ bed · human_cute(1.7m) · facing 0.00: contact ON use-point (11363 ms)
    √ bed · human_cute(1.7m) · facing 1.57: contact ON use-point (11393 ms)
    √ bed · human_cute(1.7m) · facing 3.14: contact ON use-point (6537 ms)
    √ bed · human_cute(1.7m) · facing -1.57: contact ON use-point (7302 ms)
    √ bed · human(1.15m) · facing 0.00: contact ON use-point (9255 ms)
    √ bed · human(1.15m) · facing 1.57: contact ON use-point (3223 ms)
    √ bed · human(1.15m) · facing 3.14: contact ON use-point (9528 ms)
    √ bed · human(1.15m) · facing -1.57: contact ON use-point (10133 ms)
    √ bed · sheep(0.9m) · facing 0.00: contact ON use-point (3636 ms)
    √ bed · sheep(0.9m) · facing 1.57: contact ON use-point (9526 ms)
    √ bed · sheep(0.9m) · facing 3.14: contact ON use-point (3449 ms)
    √ bed · sheep(0.9m) · facing -1.57: contact ON use-point (7685 ms)
  sim: the stand spot is on the fixture's use-direction side (open the fridge from the FRONT)
    √ a front-only chest facing 0.00 is approached from its front (19 ms)
    √ a front-only chest facing 1.57 is approached from its front (7 ms)
    √ a front-only chest facing 3.14 is approached from its front (8 ms)
    √ a front-only chest facing -1.57 is approached from its front (8 ms)
    √ a refrigerator is front-only in its contract (never opened from the side) (15 ms)
    √ a bed is approached from a long side or the foot — NEVER the headboard (11 ms)
    √ a table's use directions cover every side (eaten at from any seat) (5 ms)
  contract defaults: every fixture kind is covered, derived from its semantics
    √ every kind resolves a contract with a sane use point + at least one approach (34 ms)
    √ seats/bed are on-fixture; containers/appliances are beside (reach) (15 ms)
    √ world use directions rotate the local set by the fixture facing (9 ms)

  console.log
    [dotenv@17.2.3] injecting env (49) from .env -- tip: 👥 sync secrets across teammates & machines: https://dotenvx.com/ops

      at _log (node_modules/dotenv/lib/main.js:142:11)

PASS server/tests/world-engine/walk-leg-budget.test.ts (262.694 s)
  W3 — a cast creature ordered to walk actually RECEIVES an errand
    √ an npc_-bodied creature's leg reaches its BODY, not its (bodiless) creature id (37492 ms)
  W2 — every issued leg carries, and spends, its own budget
    √ the budget is POSITIVE, derived from the issued polyline, and spent by dt (40900 ms)
    √ 🚨 exhaustion RE-PLANS the same destination — it never re-aims, and never lingers spent (30105 ms)
    √ across a whole live arc no leg is ever left holding a spent budget, and the goal never drifts (151181 ms)

  console.log
    [dotenv@17.2.3] injecting env (49) from .env -- tip: 🔄 add secrets lifecycle management: https://dotenvx.com/ops

      at _log (node_modules/dotenv/lib/main.js:142:11)

PASS server/tests/world-engine/creature-inspect.test.ts (95.729 s)
  §2 ① an ABSTRACTED body is a first-class answer
    √ says ABSTRACTED, gives no position, and reports the schedule phase instead (8 ms)
    √ an EMBODIED body reports position, the place word and distance from home (8 ms)
    √ distance from home is measured to the doorstep (2 ms)
    √ names the building a body is standing in when it is not its own (3 ms)
    √ a DWELLED errand waypoint reads as standing still, not walking (2 ms)
  §2 the detail block, field by field — all from EXISTING probes
    √ renders the why-chain as its clause list, in the order reasonChainOf walked it (3 ms)
    √ an absent chain is an empty clause list, never a fabricated one (1 ms)
    √ carried items come from carryOf, empty hands say so (2 ms)
  §2 ⑤ the hands come from `carriedBy`, never from the merged view
    √ an EMPTY BASKET is the whole story of a failed errand — never “(nothing)” (3 ms)
    √ a FULL basket names the bag AND what is in it (1 ms)
    √ a PORTABLE CONTAINER wins the hands slot over anything else held (1 ms)
    √ a LOOSE thing in the hand is counted once, with the rest of the body behind it (1 ms)
    √ a prop held by SOMEONE ELSE is not in this body's hands (1 ms)
    √ a state with no object table still reads — the merged view stands in (1 ms)
  §2 ⑥ a gapped houses array resolves the body's OWN household
    √ measures “from home” to its OWN doorstep, not the array slot's (3 ms)
    √ reports its OWN household's schedule phase, not a neighbour's (1 ms)
    √ a lot id past the end of the array is a homebody, never a crash (2 ms)
  §2 the detail block, continued — the task, the claims, the meters
    √ the activity and the destination come off the host's own readings (3 ms)
    √ the TASK line follows the loop's own priority: pooled task over pursuit over step (3 ms)
    √ a BLOCKED want is reported rather than left blank (1 ms)
    √ shows the household errand claim AND the body's unit reservations (10 ms)
    √ shows meters, condition and unfulfilled wants (1 ms)
  §2 ② the list: named individuals, a counted crowd
    √ lists the family and its pets even when nothing has registered them (2 ms)
    √ adds every REGISTERED creature and every live-needs body, without duplicates (2 ms)
    √ COUNTS the ambient cohort instead of enumerating it (law ⑤) (1 ms)
  §2 ④ the collapsed row is cheap
    √ summarizeCreature asks none of the expensive probes (1 ms)
  §2 the readout against the real dollhouse
    √ lists the whole focus family by name and counts the rest of the town (3 ms)
    √ ① a resident the streamer has NOT embodied still reports where it is in its day (33 ms)
    √ every listed creature yields a readout — embodied or not — and no row is blank (16 ms)
    √ ③ ASKING MOVES NOTHING — a full inspection pass leaves the sim untouched (6 ms)
    √ ⑤ a real body given a real basket says so — the host's own `handsOf` agrees (8 ms)

  console.log
    [dotenv@17.2.3] injecting env (49) from .env -- tip: 🔐 prevent building .env in docker: https://dotenvx.com/prebuild

      at _log (node_modules/dotenv/lib/main.js:142:11)

PASS server/tests/world-engine/town-stage.test.ts (315.864 s)
  town-stage: the open town
    √ certifies sparse — ground + plaza + cast; NO gate, NO star staged (15106 ms)
    √ exposes the street tree as ground-ribbon roads in world coords — the BASELINE is pavement like every other street (8419 ms)
    √ streams by the SHARED mechanics: homebodies indoors, budgeted, no churn (14733 ms)
    √ residents run the errand clock: cycles emit door-bracketed trips (53712 ms)
  build-up: overflow housing becomes storeys, by the knob
    √ knob 0 only spreads; knob 2 raises the center first, monotonically (27173 ms)
    √ floors are monotone under growth: more pressure only ever rises (19671 ms)
  goods clock RE-ANCHOR (§13 demote) — the schedule resumes from reality
    √ pantry(house,t) reads the anchored units, repeatably, and lands in the HOME phase (16340 ms)
    √ a topped-up box defers the next trip; a drained one makes it imminent (14743 ms)
  supply flow — producer piles + dawn-cart hauls (goods.ts)
    √ produceAt: fills across the street day at producer works, resets at dawn; 0 elsewhere (7904 ms)
    √ haul: shelved sources get a daily round trip (out, unload, back), gate sellers none (8313 ms)
  intercity trade v1 — the abstract-partner caravan (trade.ts)
    √ the town has a trade line: a gate on the road out, a route to the hall depot (14248 ms)
    √ one visit a day: away -> arriving -> trading -> leaving; walkTo mid-visit; buckets tick per visit (10901 ms)
    √ the export pile fills between departures and resets when the caravan takes it (3743 ms)
    √ 🚨 the pile is scaled by what the town can SPARE, read off its own goods (11232 ms)
  the VIEW GUARD — nobody spawns or despawns where the camera can see
    √ first frame populates freely; every later spawn/cull is out of view or hidden indoors (13655 ms)
  the FAMILY LOCK — a watched house's members never lose their bodies
    √ holds an embodied member at any distance while its interior is on show (12530 ms)
  the VIEW GUARD at ROOM granularity — re-entering a house (round 5c)
    √ members of a freshly-entered house spawn inside its CONCEALED rooms, never at the view edge (9629 ms)
  INTERIOR STAGING — far houses are shells, near/watched houses full rooms (round 5c)
    √ a far house stages ONE shell; entering swaps in the room plan; leaving swaps back (5142 ms)
  trade v1.5 — a REAL partner, distance-priced rarity (trade.ts bindPartner)
    √ unbound: the abstract partner reads far and carries the fewest rares (8062 ms)
    √ binding a near hamlet re-keys the line, re-aims the gate, and raises the rare allotment (7682 ms)
    √ 🔒 T1 — an UNBOUND line declares no partner place: the flat leg is the honest one (3201 ms)
    √ 🔒 T1 — a BOUND partner carries its place AND its road, and its leg is NOT the flat fallback (8100 ms)
    √ 🔒 T5 — the partner's terrain reading rides the bind (absent ⇒ nothing is invented) (2849 ms)
    √ 🔒 T2 — binding WITHOUT scarcity reads leaves the authored lists byte-identical (7951 ms)
    √ 🔒 T2 — binding WITH both books derives the pair's own cargo (their surplus ∩ our shortage) (3220 ms)
  construction deltas: the stage re-plans a bumped house mid-session
    √ staked order → marked site climbing courses; commit → doored room the SAME frame (no scaffold timer) (6912 ms)

  console.log
    [dotenv@17.2.3] injecting env (49) from .env -- tip: ⚙️  load multiple .env files with { path: ['.env.local', '.env'] }

      at _log (node_modules/dotenv/lib/main.js:142:11)

PASS server/tests/world-engine/show-item.test.ts (53.271 s)
  compile — the roles are positional, exactly as `give`'s are
    √ 'show + ball + mara' → the attention act, item + audience (7 ms)
    √ an explicit 'to' reads the same — the frame's own intrinsic endpoint (3 ms)
    √ descriptors ride into the item match, like every other item slot (2 ms)
    √ NEVER a give: the same nouns under `give` transfer, under `show` do not (2 ms)
    √ NEVER a converse either — the one-model law keeps `talk` where it is (1 ms)
    √ 'show + ball' with nobody named → shown to the SPEAKER ('show me the ball') (2 ms)
    √ …and the board's own `i_me` recipient chip says the same thing explicitly (3 ms)
    √ 'show + mara' alone stays NOT-UNDERSTOOD — a person is no thing to hold up (3 ms)
    √ 'show + ball + to + box' stays NOT-UNDERSTOOD — a box is no audience (1 ms)
    √ a NAMED subject shows: 'mara + show + ball' makes Mara the actor (2 ms)
    √ hug is untouched — no item, same shape it always had (1 ms)
    √ under a classifier-less binder the two-noun form still binds (2 ms)
  the plan — you cannot hold up what you are not holding
    √ FETCH-FIRST: not holding it → the same pickup regression `give` uses (2 ms)
    √ …and the last step is a socialAct, never a `give` step (2 ms)
    √ already in hand → no pickup leg, just the walk and the beat (2 ms)
    √ someone ELSE holds it → no plan (not snatchable), so the host answers aloud (8 ms)
    √ no such thing here → no plan; never a mimed show of nothing (1 ms)
    √ nobody shows a thing to themselves (1 ms)
    √ the itemless socialAct (a hug) plans exactly as it always did (1 ms)
  the knowledge beat — being shown a thing IS seeing it
    √ the target learns WHO HAS IT — the location fact, held-by the shower (1 ms)
    √ ONE beat, and only the target's: nobody else learns it by standing near (1 ms)
    √ THE THING DOES NOT MOVE: no ownership, no carry, no transfer mark (3 ms)
  the echo — a shown thing is SAID, not just carried
    √ names the THING and the person — give's shape, one verb apart (3 ms)
    √ …and it SPEAKS, in every shipped ruleset, without falling to the gloss (7 ms)
    √ the OLD line is gone: the audience no longer stands where the thing goes (1 ms)
    √ HUG IS UNTOUCHED — an itemless act keeps the line it always had (1 ms)
    √ the twin agrees — the activity answer names the item too (2 ms)
    √ …and the WALK still ends at the person — the third channel is unmoved (1 ms)
    √ a commanded show echoes the whole order back (commandEcho, end to end) (2 ms)
  live on the dollhouse — the shown basket never changes hands
    √ walks over, holds it up, snaps the attention, lands one fact — and the spirit refuses honestly (52528 ms)

  console.log
    [dotenv@17.2.3] injecting env (49) from .env -- tip: 🔐 encrypt with Dotenvx: https://dotenvx.com

      at _log (node_modules/dotenv/lib/main.js:142:11)

PASS server/tests/world-engine/headless-quest-boot.test.ts (67.494 s)
  bootTextQuest — the dollhouse, headless
    √ builds the town, embodies the focused household, and answers a spoken line (41715 ms)
    √ the TOWN camera reveals more than the dollhouse camera does (25264 ms)

  console.log
    [dotenv@17.2.3] injecting env (49) from .env -- tip: 🗂️ backup and recover secrets: https://dotenvx.com/ops

      at _log (node_modules/dotenv/lib/main.js:142:11)

PASS server/tests/world-engine/town-build-visible.test.ts (11.027 s)
  a staked annex climbs the stage ladder
    √ is marked ground while materials gather, then floor, then pillars — and says what it will be (5326 ms)
  a room coming down loses its walls
    √ withholds the doomed room from the building set and marks its ground instead (5320 ms)

  console.log
    [dotenv@17.2.3] injecting env (49) from .env -- tip: ✅ audit secrets and track compliance: https://dotenvx.com/ops

      at _log (node_modules/dotenv/lib/main.js:142:11)

PASS server/tests/world-engine/town-farm-area.test.ts (6.676 s)
  REAL_FARM_ACRES_PER_PERSON — the user's anchors, verbatim
    √ 12 acres/person ancient, 0.5 modern — the two data points the user gave (4 ms)
    √ the conversion dial is a DIVISOR seat (S3), default 1 (2 ms)
  townPlayEconomy — the farm's food process reads field_acres
    √ 🚨 input is the honest field acreage, not the abstract charter scalar (1 ms)
    √ the labor gate is UNCHANGED — a town still needs a built, staffed farm (1 ms)
    √ `farmland` (the charter scalar) still feeds the weaver — untouched, out of S2's scope (2 ms)
    √ 🚨 THE IDENTITY — acres/person × the process's own efficiency === rations/person (2 ms)
  S&D S3 — the dial is WIRED, and the identity survives it
    √ townPlayEconomy(scale) reads resourceCompression as the conversionDial (2 ms)
    √ kernel/town/plan.ts's field geometry reads the SAME dial (map ≡ books) (585 ms)
  a live TownWorld — field_acres tracks population, food closes at fill ≈ 1
    √ field_acres is written every day off the CURRENT population, exactly like food_need (2 ms)
    √ 🚨 a farmed town's food fill closes to ≈ 1 — capacity does not bind at village scale (2 ms)
  kernel/town/plan.ts — field GEOMETRY sums to the same honest acreage
    √ a farmland town's Σ field area lands in the honest ballpark of pop × 12 acres (2581 ms)
    √ fields are GROUND, not clamped to the town's built extent (the out-field precedent) (3142 ms)
    √ a zero-population plan lays no fields (unchanged gate) (18 ms)

  console.log
    [dotenv@17.2.3] injecting env (49) from .env -- tip: 🔐 prevent building .env in docker: https://dotenvx.com/prebuild

      at _log (node_modules/dotenv/lib/main.js:142:11)

PASS server/tests/world-engine/town-spirit-streaming.test.ts (8.995 s)
  spirit-view streaming — every entry is through a building, never the ring
    √ an open-air trip (to the stall) enters the world through its OWN concealed home (2762 ms)
    √ a return leg (to_home) has no concealed cover — it finishes ABSTRACT, never a ring spawn (1251 ms)
    √ no churn: over a sim-minute nobody re-embodies more than a couple of times (3521 ms)

  console.log
    [dotenv@17.2.3] injecting env (49) from .env -- tip: ⚙️  write to custom object with { processEnv: myObject }

      at _log (node_modules/dotenv/lib/main.js:142:11)

PASS server/tests/world-engine/order-scoping.test.ts
  per-scope order books — a household's mill queue is its own
    √ 🚨 THE SYMPTOM: a 4-block family bill no longer hides behind a 198-block town bill (228 ms)
    √ the household mills at its OWN bench, not at the town's shared carpentry (119 ms)
    √ no bench and no box of its own ⇒ the town's mill, never nowhere (the no-gate rule) (84 ms)
    √ two households are two books — neither reads the other's row as its own (149 ms)
    √ the town book is BYTE-IDENTICAL to the pre-split one — no key, same row (71 ms)
  deadBillHeads — SLOW is not DEAD (the refusal's one test)
    √ a town with WOOD and no blocks is SHORT, never dead — the chain can reach it (60 ms)
    √ a town with NOTHING is dead, and the refusal names the head (56 ms)
    √ 🚨 CONTESTED IS NOT DEAD — a head somebody else has reserved is still alive (66 ms)
    √ a head no chain can reach is dead even in a stocked town (64 ms)

  console.log
    [dotenv@17.2.3] injecting env (49) from .env -- tip: ⚙️  suppress all logs with { quiet: true }

      at _log (node_modules/dotenv/lib/main.js:142:11)

PASS server/tests/world-engine/civic-labor-locality.test.ts (5.182 s)
  civicRecruitRadiusM — the site's own neighbourhood, derived
    √ IS the district sizer's social radius — no town term, no literal (3 ms)
    √ does not grow with the town — the plan.radius × 2 term is GONE (638 ms)
    √ off a town the WILDERNESS EARSHOT rule stays, and it is the floor in town (3 ms)
  the claim pool under a NEIGHBOURHOOD focus
    √ the family 292 m away is NOT eligible — not even as the ONLY embodied body (4 ms)
    √ nearest-in-radius still wins — locality narrows the field, it does not empty it (2 ms)
  craftHouseholdFor — the shell's piece is made in the shell's own street
    √ picks a household of the SITE'S neighbourhood, never the family across town (358 ms)
    √ nobody local ⇒ NONE — the want waits; it does not fall back to the family (262 ms)
    √ a household already holding one answers HELD — never a second piece (372 ms)
    √ a household whose one craft slot is busy is skipped, not queued behind (831 ms)
  an OBSERVED site with no local hand banks on the clock arm and finishes
    √ posts its call, waits ONE claim window, then schedule-banks to completion (795 ms)
    √ a claim nobody honours is RELEASED, and the clock arm takes the site to completion (996 ms)

  console.log
    [dotenv@17.2.3] injecting env (49) from .env -- tip: 🛠️  run anywhere with `dotenvx run -- yourcommand`

      at _log (node_modules/dotenv/lib/main.js:142:11)

PASS server/tests/world-engine/town-construction-phase4.test.ts (16.458 s)
  removeProgram — the first delete path programs have ever had
    √ drops the named row, leaves the others, and bumps the revision (35 ms)
    √ an ABSENT room no-ops — no revision, no version, nothing touched (36 ms)
    √ OTHER buildings' rows are untouched — the delete is building-scoped (13 ms)
    √ a PINNED row (roomId) rides the deltas round-trip (14 ms)
  NEVER SELF-HEALING — the want goes with the room (phase 4 step 1)
    √ a demolished programmed room re-rises UNTIL removeProgram runs, then never (586 ms)
  emptyRoom — the stow-half of demolishRoom
    √ stows the room's PLACED pieces by kind and leaves every other room's alone (485 ms)
    √ WALLS STAY — annex specs, interior cuts and demolished rows are untouched, so the plan re-derives IDENTICALLY (457 ms)
    √ even the LIVING room may be emptied (no structural gate applies) (786 ms)
    √ GENERATED pieces join removedPieces AND stow (worldgen furniture mints its item lazily) (1122 ms)
    √ a STREET-GOOD box is not the household's furniture — it re-emits regardless, so it must never be stowed (250 ms)
    √ an ALREADY-BARE room returns ok with nothing stowed and NO version bump (261 ms)
    √ an unknown room refuses with `no-room` (153 ms)
  DemolishOrder mode:"empty" — the SAME row, the same ladder
    √ rides orderStage / orderDone identically to a plain demolition (10 ms)
    √ round-trips byte-stably — the mode survives reload (3 ms)
  craftQueue persistence (phase 4 step 5)
    √ is absent-tolerant — every pre-phase-4 save loads with an empty line (3 ms)
    √ round-trips the whole line in order, keyed by house (5 ms)
    √ a QueuedCraft is deliberately SPOT-LESS — the job is built at pop time (5 ms)
    √ an EMPTY line is not written at all (the save stays clean as jobs pop) (3 ms)
    √ clones on load — the store owns its state (no aliasing the JSON) (2 ms)
    √ serializes beside the craft JOB it queues behind, disturbing nothing (7 ms)
    √ a COMMISSION rides the row (CraftJob.for) — the maker remembers who asked (4 ms)
  the unmaking verbs compile (phase 4 step 2)
    √ break + bed ⇒ breakPiece, carrying `place`'s own ItemRef (7 ms)
    √ break + bedroom ⇒ demolish (the board's demolish word, now sayable) (3 ms)
    √ empty + kitchen ⇒ emptyRoom — the walls stay up (1 ms)
    √ empty + box ⇒ the CONTAINER transform, exactly as before (regression) (3 ms)
    √ an unbindable break stays NOT-UNDERSTOOD, never a guessed demolition (2 ms)
  binder.isStructure — the phase-4 binding that makes `build` mean build
    √ build + house ⇒ build (it used to fall through to craft) (6 ms)
    √ build + bedroom ⇒ build — a ROOM word is a structure too (2 ms)
    √ make + chair ⇒ craft, and build + chair ⇒ craft as well (2 ms)
    √ make + house keeps whatever the makeable join says (only `build` changed) (4 ms)
  orderCraft — the second order WAITS, it is not dropped (phase 4 step 5)
    √ fills the one slot, then queues to the cap, then refuses honestly (283 ms)
    √ the line rides the deltas — a reload keeps the player's second and third orders (178 ms)
  stakeAnnex — AN EMPTY ROOM IS ALREADY A ROOM (phase 4 step 1)
    √ a FURNISHED house stakes the construction (the control — nothing is spare) (136 ms)
    √ a BARE room takes the designation instead — a pinned row, and NO construction (149 ms)
  craftSpotOf — THE SPOT FOLLOWS THE BENCH (phase 4 step 3)
    √ benchless, the spot is the old fallback — any house can craft, the bench only speeds (415 ms)
    √ with a bench standing, the spot is the CONTAINER nearest it, its own room preferred (624 ms)
  orderEmpty / orderDemolish — one row, two commits (phase 4 step 2)
    √ posts the SAME designation with mode:"empty" and HALF the labor (384 ms)
    √ the LIVING room refuses demolition and accepts emptying (walls are the only rule) (262 ms)
  orderBreakPiece — the piece comes apart where it stands (phase 4 step 2)
    √ un-places a PLACED row and re-mints its `furn.<kind>` stack (banked with no world) (131 ms)
    √ stows a GENERATED piece — worldgen furniture mints its component lazily (152 ms)
    √ nothing there to break refuses honestly, and changes nothing (122 ms)
    √ DROPS the designation the broken piece stood for — but only when nothing else answers it (113 ms)
  a COMMISSIONED craft DELIVERS — it never becomes the maker's floor clutter (F2)
    √ posts the haul to the commissioner instead of dropping the piece where it was made (311 ms)
    √ an UNCOMMISSIONED craft is untouched — it arrives as a thing where it was made (1086 ms)
  a PLAYER-ORDERED build carries the RESOLVER's bill (F1)
    √ executeBuildOrder founds with structureCosts(spec), and the plot WAITS on it (738 ms)
  the craft gather obeys the OBSERVATION LAW (F3)
    √ a WATCHED house never teleports its materials into the cupboard (1267 ms)
    √ an UNWATCHED house still draws instantly — the abstract twin is unchanged (1075 ms)
  a piece LYING ON THE FLOOR of its own house is installable (F4)
    √ the furnish sweep stands it on its blueprint slot — it does not wait for the re-flow (1617 ms)

  console.log
    [dotenv@17.2.3] injecting env (49) from .env -- tip: ⚙️  suppress all logs with { quiet: true }

      at _log (node_modules/dotenv/lib/main.js:142:11)

PASS server/tests/world-engine/cell-polygon.test.ts (7.087 s)
  cellPolygon — the per-cell area primitive
    √ gives four unit-length corners per cell, everywhere on the lattice (2822 ms)
    √ contains its own center — the polygon really is THIS cell's area (791 ms)
    √ is wound CCW seen from OUTSIDE (the face frames' orientation) (252 ms)
    √ TILES WITHOUT CRACKS: every corner is bit-identical across all cells sharing it (374 ms)
    √ neighbouring cells share exactly one EDGE (two corners), seams included (841 ms)
    √ the polygons cover the whole sphere — total solid angle is 4π (12 ms)
    √ flat lattices omit it — the curved-only contract (1 ms)
  SUBDIVIDED cells still meet exactly (what the territory wash draws)
    √ every sub-vertex lands on the unit sphere (77 ms)
    √ a shared EDGE generates the identical sub-vertex set in both cells (52 ms)

  console.log
    [dotenv@17.2.3] injecting env (49) from .env -- tip: ⚙️  write to custom object with { processEnv: myObject }

      at _log (node_modules/dotenv/lib/main.js:142:11)

PASS server/tests/world-engine/doors-as-furniture.test.ts
  leaf: false — the opening is a hole in the wall
    √ never blocks: a shut leafed door does, a bare opening does not (7 ms)
    √ an avatar walks straight through it with nothing to open (8 ms)
    √ is born OPEN and unlocked; a leafed one is born shut (5 ms)
    √ tickDoors leaves it open — including one whose leaf was BROKEN OFF mid-session (7 ms)
    √ setDoorOpen and lockDoor refuse it — there is nothing to swing or to latch (4 ms)
    √ routes and connects exactly like an open door (an open hole is always connected) (10 ms)
  leaf absent — every existing spec, town and test is unchanged
    √ buildingStructures emits byte-identical structures when no doorway is bare (5 ms)
    √ only `leaf: false` threads through to the generated DoorSpec (6 ms)
    √ a bare opening validates (the strict schema declares the flag) (10 ms)
  doorwayKeyOf — one opening, one key
    √ the two rooms that SHARE an interior doorway agree on its key (165 ms)
    √ doorwaysWithLeaves marks exactly the listed openings and nothing else (71 ms)
  BuildingDelta.doorless
    √ round-trips toJSON and counts toward deltaIsEmpty (2 ms)
    √ markDoorless is idempotent — re-seeding a finished shell never re-bumps the rev (5 ms)
    √ hangDoor drops the key AND records the leaf in one move (1 ms)
    √ a hung leaf is not floor furniture — furnishPlan never emits it (105 ms)
    √ a hung leaf IS findable by kind for the spoken break path (82 ms)
    √ emptying a room leaves the door on the wall (doorways are part of the wall) (72 ms)
  the leaf hangs, and comes off again
    √ INSTALL: hanging a leaf drops the key and the staged doorway stops being bare (65 ms)
    √ BREAK: taking a hung door off pushes its key back and mints one furn.door (77 ms)

  console.log
    [dotenv@17.2.3] injecting env (49) from .env -- tip: ⚙️  override existing env vars with { override: true }

      at _log (node_modules/dotenv/lib/main.js:142:11)

PASS server/tests/world-engine/world-engine-npc.test.ts
  NPC schema
    √ certifies a spec carrying NPCs (the demo field) (13 ms)
    √ keeps NPCs optional (back-compat: the plain field still certifies) (1 ms)
    √ rejects duplicate NPC ids (2 ms)
    √ rejects an NPC id that collides with an object id (2 ms)
    √ rejects an out-of-bounds NPC (3 ms)
    √ rejects an unknown movement behavior (3 ms)
  engine NPC hooks
    √ addLocalAvatar adds an owned (un-smoothed) avatar (2 ms)
    √ steerAvatar walks an owned avatar toward its aim (3 ms)
    √ steerAvatar no-ops for an unknown id (2 ms)
  NpcController
    √ stationary turns to face the nearest person without travelling there (2 ms)
    √ stationary rests (null aim) when nobody is around (2 ms)
    √ wander only ever targets in-bounds waypoints (17 ms)
    √ approach_nearest converges to a conversational distance and holds (11 ms)
    √ engagement pull tightens the hold distance (1 ms)
  detourAim: the planner must not fight the body
    √ probed at the BODY's radius, a body-wide lane is a straight walk (no bend) (1 ms)
    √ a probe fatter than the body reads that lane as a wall (the old shake) (1 ms)
    √ commits to the remembered shoulder when both bypasses are clear (hysteresis) (2 ms)
    √ wander waypoints are probed at the ctx-supplied body radius (2 ms)
  errandLegTight — a routed indoor leg is never corner-cut
    √ REGRESSION: an endpoint with NO arrive is tight when the router marked it (1 ms)
    √ …and without the mark that same endpoint reads free-roam (the old bug, pinned) (1 ms)
    √ tightness follows the LIVE leg — free outdoors, tight once inside (2 ms)
    √ the legacy arrive heuristic still holds for legs nobody tagged (1 ms)
    √ no errand at all is not tight (nothing to hold the line for) (1 ms)
  collectOutbound with owned NPCs
    √ broadcasts each owned NPC avatar alongside the local one (2 ms)
    √ defaults to just the local avatar (no NPCs leak without ownership) (3 ms)
  runWorldHost NPC hosting
    √ spawns, advances, and broadcasts hosted NPCs (29 ms)
    √ hosts no NPCs when hostNpcs is false (4 ms)
  runWorldHost NPC brain hooks
    √ emits proximity when the player enters and leaves an NPC's circle (2 ms)
    √ setNpcEngagement biases an NPC's hold distance (withdrawn stands farther) (82 ms)
    √ setNpcEngagement is a no-op for an unknown id (2 ms)
    √ emits proximity on a NON-owner from received NPC positions (no local hosting) (3 ms)
  rooted bodies (trees) are budgeted apart from creatures
    √ stands a forest of trees while the creature cast is already full (4 ms)
    √ refuses trees only when the ROOTED ledger fills, and reports it (2 ms)
    √ frees the right ledger on removal (2 ms)
    √ never steers a rooted body — it stands exactly where it was planted (31 ms)
  wander when every roam candidate is unreachable
    √ never aims at far-away unreachable home; stands instead (4 ms)
    √ still roams home-ward when home IS reachable (open ground unchanged) (2 ms)

  console.log
    [dotenv@17.2.3] injecting env (49) from .env -- tip: 🗂️ backup and recover secrets: https://dotenvx.com/ops

      at _log (node_modules/dotenv/lib/main.js:142:11)

PASS server/tests/world-engine/world-engine-pointing.test.ts
  pickPointLimb — anatomy, not a hardcoded arm
    √ a humanoid points with its arm (the free limb shorter than its legs) (3 ms)
    √ a quadruped (all legs) spares and raises a FRONT limb (2 ms)
    √ picks the FURTHEST-reaching of several free limbs (2 ms)
    √ ignores membranous limbs (a wing can't point) (2 ms)
    √ a single leg group has nothing to spare (returns -1 → host turns the body) (1 ms)
    √ human_cute (a real NPC body) can point (3 ms)
  point() action — raise, hold, drop
    √ raises the chosen limb toward the direction, upright, hand open (9 ms)
    √ mirrors to the other side when pointing the other way (3 ms)
    √ drops the limb and returns to rest after the hold (5 ms)
    √ won't start a second point while one is running (2 ms)
  gestureLocalDir — world target → body-local frame (+Z forward, +X right)
    √ a target dead ahead reads as forward (+Z) (7 ms)
    √ a target to the avatar's right reads as +X (1 ms)
    √ rotates with the avatar's facing (2 ms)
  creature avatar factory — NPC gesture drive
    √ performs a one-shot point on a baked NPC without throwing, then settles (1169 ms)

  console.log
    [dotenv@17.2.3] injecting env (49) from .env -- tip: 🗂️ backup and recover secrets: https://dotenvx.com/ops

      at _log (node_modules/dotenv/lib/main.js:142:11)

PASS server/tests/world-engine/symbol-game-store.test.ts
  economyDay — dawn-to-dawn buckets
    √ floors time into FOOD_DAY_SEC-long days (5 ms)
  storeUnitsLeft — base minus what the player has pulled this day
    √ no consumption → the whole shelf (3 ms)
    √ subtracts this-day consumption and clamps at zero (3 ms)
    √ a PRIOR day's offset is ignored — the dawn cart refilled the shelf (2 ms)
  addStoreConsumption — accumulate within a day, reset across days
    √ accumulates while the day holds (7 ms)
    √ resets the tally when the day rolls over (3 ms)
    √ a take then a full day later starts the shelf fresh (3 ms)
  shopPeriod — surplus drives shopping frequency (§13a)
    √ MORE surplus ⇒ SHORTER period ⇒ shops sooner/oftener (never runs dry) (10 ms)
    √ period = capDays·(1−surplusFrac)·FOOD_DAY_SEC (scaled by fill), above the trip floor (2 ms)
    √ never shorter than the trip can fit (floor) (2 ms)
  pantryLevel — a never-empty sawtooth bottoming at the surplus buffer (§13a)
    √ FULL at the return home (u = trip) (1 ms)
    √ bottoms EXACTLY at the surplus buffer just before the next return (never 0) (2 ms)
    √ stays within [surplus, boxCap] and drains monotonically since the last refill (9 ms)
  F4 — the clothing anchor and its derivations
    √ REAL_CLOTHING_DAYS is the half-year garment, and wear scales at METABOLISM (2 ms)
    √ the BOOKS say 180 : 1 — food is the caloric anchor and does not move (3 ms)
    √ 🚨 the STREET hears the books: `perCapitaDaily` is food-normalized, not a flat 1 (8 ms)
    √ the WARDROBE holds a whole number of garments at any metabolism (6 ms)
    √ a doc whose staple declares no per-person draw keeps the pre-F4 flat rate (2 ms)

  console.log
    [dotenv@17.2.3] injecting env (49) from .env -- tip: 👥 sync secrets across teammates & machines: https://dotenvx.com/ops

      at _log (node_modules/dotenv/lib/main.js:142:11)

PASS server/tests/world-engine/symbol-game-laws.test.ts
  laws — tiers, areas, precedence
    √ founds the absolute ring from culture absolutes (issuer world, everywhere) (5 ms)
    √ governingLaw: higher tier wins, then more specific area, then later ord (7 ms)
    √ goalVerb maps the veto-able goals and leaves the rest alone (3 ms)
  the forbid sentence — 'no + fight' is a LAW, not a command
    √ parses to kind forbid with the verb (6 ms)
    √ compiles to a law row the host installs (3 ms)
    √ leaves bare 'no' (decline) and plain commands untouched (3 ms)
    √ speaks the taboo as a cultural we-statement (2 ms)
  the absolute veto in selectGoal — pruned, not outweighed
    √ a vetoed rule candidate never wins, whatever the author's authority (2 ms)
  law persistence — authored rows ride SerializedTownDeltas
    √ round-trips laws through toJSON → createTownDeltas, deep-copied (12 ms)
  area scoping — the containment oracle decides who a law binds
    √ a district law binds inside the district, the town law everywhere in town (1 ms)
    √ 'no + fight + in + town' carries the bound area word to the frame (1 ms)
  game.culture — the manifest gate
    √ parses a culture block and defaults to null (1 ms)
    √ rejects unknown fields and bad shapes, path-exact (33 ms)
    √ resolves: absent = open culture; declared = the closed set (2 ms)

  console.log
    [dotenv@17.2.3] injecting env (49) from .env -- tip: 📡 add observability to secrets: https://dotenvx.com/ops

      at _log (node_modules/dotenv/lib/main.js:142:11)

PASS server/tests/world-engine/clock-path-bubble.test.ts
  the clock anchor paces a clocked walker
    √ a clocked walk holds the schedule rate — measurably slower than a free walk (63 ms)
    √ the body never LEADS the schedule and never leaves the bubble on a clear road (384 ms)
    √ a dwell point holds the schedule — the anchor waits with the body (31 ms)
  clocked walkers dodge — and disruption demotes
    √ two clocked walkers meeting HEAD-ON pass to opposite sides, both on schedule (148 ms)
    √ forced out of the bubble ⇒ demoted once, keeps walking, still arrives (43 ms)
  clockDodgeAim — the pure bend
    √ bends around a blocker ahead, away from its side (3 ms)
    √ dead-ahead ties split by id order — the two parties pick OPPOSITE sides (3 ms)
    √ scale 0 (the bubble edge) passes THROUGH — the aim is untouched (2 ms)
    √ a dodge onto blocked ground is DROPPED (pass through, never clip) (1 ms)
    √ ignores bodies past the look range and on other storeys (2 ms)
  separateBodies — the walker-vs-stander share asymmetry
    √ a stander absorbs the WHOLE correction when its partner is walking (2 ms)
    √ two WALKERS still split 50/50 (the lockstep unmerge is preserved) (2 ms)
    √ two STANDERS still split 50/50 (the fused-pile unmerge is preserved) (1 ms)

  console.log
    [dotenv@17.2.3] injecting env (49) from .env -- tip: 🔄 add secrets lifecycle management: https://dotenvx.com/ops

      at _log (node_modules/dotenv/lib/main.js:142:11)

PASS server/tests/world-engine/town-placement.test.ts
  PARITY: the generator's own output passes the exported fit rule
    √ house 0 (12x10 south): every piece placed before its successors is feasible (53 ms)
    √ house 0: generated pieces score above the naturalness floor (44 ms)
    √ house 1 (8x8 north): every piece placed before its successors is feasible (21 ms)
    √ house 1: generated pieces score above the naturalness floor (19 ms)
    √ house 2 (9x8 west): every piece placed before its successors is feasible (23 ms)
    √ house 2: generated pieces score above the naturalness floor (27 ms)
    √ house 3 (13x10 east): every piece placed before its successors is feasible (21 ms)
    √ house 3: generated pieces score above the naturalness floor (21 ms)
    √ house 4 (7x7 south): every piece placed before its successors is feasible (29 ms)
    √ house 4: generated pieces score above the naturalness floor (30 ms)
  adversarial candidates fail with the RIGHT reason
    √ outside the house → outside (2 ms)
    √ poking through a wall → wall (1 ms)
    √ square in the street door's swing → door (1 ms)
    √ overlapping an existing piece → piece (11 ms)
    √ covering a shopper's standing spot → goods-spot (4 ms)
    √ pinching a furnished bedroom shut → service (14 ms)
  placementScore: the registry's own aesthetics, graded
    √ a chest flush at a wall outranks the same chest stranded mid-room (12 ms)
    √ a bed in a bedroom outranks a bed in the living room (wrong-room) (8 ms)
  placementCandidates: the creature's own search
    √ returns feasible spots, best-first, and is deterministic (40 ms)
    √ an anchored query lands beside the anchor (put the chair NEAR the table) (15 ms)
    √ an UNDIRECTED chair search finds the table on its own — never a wall (23 ms)
    √ an anchored ring clears the anchor's own tabletop (20 ms)
  THE MOUNT-ROOM RULE: a seat is only placeable where a body can sit down
    √ a chair in the dead strip between the table and the wall is INFEASIBLE (3 ms)
    √ a wall-flush chair (no table at all) is INFEASIBLE — it can never be mounted (2 ms)
    √ a SOLID piece in the same strip is untouched by the rule (chest beside the wall stays legal) (2 ms)
    √ GENERATOR PARITY: every generated chair, every house in the sweep, is mountable (3322 ms)
  anchorMode — 'next to' is the adjacent band, 'near' scales with the room
    √ beside admits only spots hugging the anchor; unmoded search roams the room (38 ms)
    √ front/behind read the anchor's FACING — disjoint wedges on opposite sides (57 ms)
    √ near keeps the vicinity but RANKS by closeness — the winner is the nearest good spot (50 ms)
    √ the acceptance radius SCALES with the room, never a fixed metre (241 ms)
    √ no anchorMode ⇒ the legacy search, unchanged (27 ms)

  console.log
    [dotenv@17.2.3] injecting env (49) from .env -- tip: ⚙️  write to custom object with { processEnv: myObject }

      at _log (node_modules/dotenv/lib/main.js:142:11)

PASS server/tests/world-engine/town-money.test.ts
  emergence — the network-density threshold
    √ counts DISTINCT live trade relationships; history and plain hauls don't (17 ms)
    √ numeraireActive needs BOTH a declared medium and a dense network (9 ms)
  prices — pair-worth with one fixed denominator
    √ the medium prices itself at 1; scarcer goods cost more of it (14 ms)
    √ quotes are speakable whole pairs best-fit to the real ratio (8 ms)
  money as CONTENT — the economy doc + town config gates
    √ parseEconomyDoc accepts numeraire and rejects a non-string (128 ms)
    √ compileEconomy validates the medium is a real commodity; later doc wins (93 ms)
    √ the town-play override rides the world doc and validates against street goods (1328 ms)

  console.log
    [dotenv@17.2.3] injecting env (49) from .env -- tip: 🔐 encrypt with Dotenvx: https://dotenvx.com

      at _log (node_modules/dotenv/lib/main.js:142:11)

PASS server/tests/world-engine/town-rooms.test.ts
  houseRoomPlan: the generated split
    √ is deterministic (12 ms)
    √ the PROGRAM: the granularity gradient (studio → merged-wet → bath + bedrooms); big back bands earn more sleeping cells (63 ms)
    √ rooms TILE the footprint: inside it, disjoint, areas sum to the lot (84 ms)
    √ the living room keeps the historical id and the street door; ids map back (36 ms)
    √ every room is REACHABLE from the living room; depth IS the privacy gradient (47 ms)
    √ no living-room interior door corridor covers a goods chest's standing spot (34 ms)
    √ members pair off over the bedrooms in order; studios keep everyone in the living room (34 ms)
    √ round-7 KITCHEN: the culture coin's front galley — doored from the living, beds intact (11 ms)
    √ stays CHEAP ENOUGH to lay out a whole founding: no order-of-magnitude regression (655 ms)

  console.log
    [dotenv@17.2.3] injecting env (49) from .env -- tip: 🔑 add access controls to secrets: https://dotenvx.com/ops

      at _log (node_modules/dotenv/lib/main.js:142:11)

PASS server/tests/world-engine/species-sized-houses.test.ts
  species sizes resolve from the species definition
    √ explicit, defaulted, unknown and absent species all resolve (3 ms)
    √ the default-species plan is unchanged by naming the default explicitly (7 ms)
  a species builds for its own size (rooms + furniture + routing)
    √ passability floors re-derive from the constructing body (4 ms)
    √ troll house 12×9 south: troll AND person route clean to every station (93 ms)
    √ troll house 11.8×9.8 east: troll AND person route clean to every station (120 ms)
    √ troll house 11×10 north: troll AND person route clean to every station (36 ms)
    √ an oversized visitor in a people-built house plans at its own girth and never lies (53 ms)

  console.log
    [dotenv@17.2.3] injecting env (49) from .env -- tip: 🔄 add secrets lifecycle management: https://dotenvx.com/ops

      at _log (node_modules/dotenv/lib/main.js:142:11)

PASS server/tests/world-engine/text-builder.test.ts
  text builder — the screen is the engine's own surface (law ④)
    √ prints the ranked grid at the grid budget, with its group chips and tabs (11 ms)
    √ carries the composition, its TRANSLATED preview and the completeness flag (11 ms)
    √ speaks the locale it was given (6 ms)
    √ prints [glyph] only where the DRAWN face differs from the pressed key (4 ms)
  text builder — modifier composition (the SpeakMenu rule)
    √ numbers modifiers after the words and composes them onto the head with a '.' (12 ms)
    √ a leading dot NEVER falls through to a grid word of the same name (3 ms)
    √ refuses a modifier with no head to describe (2 ms)
    √ a number reaches into the rail as well as the grid (6 ms)
  text builder — tabs, groups and paging (§7: the tab pages at the grid)
    √ pages a tab listing at exactly the grid size (11 ms)
    √ a group chip opens a real subset of the active view (3 ms)
    √ names the tabs and the chips it does have when asked for one it does not (4 ms)
    √ a word tap resets the view — a new head re-ranks everything (4 ms)
    √ undo drops the whole last token, and clear empties the composition (6 ms)
  text session — press/screen accounting (law ④'s metric)
    √ counts every tap and every screen from the composition's start (24 ms)
    √ restarts the count at the next composition — each utterance is measured alone (16 ms)
    √ `build play` on nothing is an error, never a silent empty utterance (3 ms)
    √ a board press counts as a press too — the cost is the same cost (6 ms)
    √ a real board takes the paging back from the builder (8 ms)

  console.log
    [dotenv@17.2.3] injecting env (49) from .env -- tip: ⚙️  suppress all logs with { quiet: true }

      at _log (node_modules/dotenv/lib/main.js:142:11)

PASS server/tests/world-engine/fixture-vocabulary.test.ts
  every fixture kind speaks a word the vocabulary carries
    √ chest resolves to a registered glyph (13 ms)
    √ cupboard resolves to a registered glyph (3 ms)
    √ table resolves to a registered glyph (4 ms)
    √ bed resolves to a registered glyph (4 ms)
    √ chair resolves to a registered glyph (3 ms)
    √ box resolves to a registered glyph (3 ms)
    √ barrel resolves to a registered glyph (4 ms)
    √ bath resolves to a registered glyph (5 ms)
    √ toilet resolves to a registered glyph (4 ms)
    √ bin resolves to a registered glyph (4 ms)
    √ bowl resolves to a registered glyph (3 ms)
    √ oven resolves to a registered glyph (10 ms)
    √ workbench resolves to a registered glyph (3 ms)
    √ refrigerator resolves to a registered glyph (3 ms)
    √ anvil resolves to a registered glyph (2 ms)
    √ altar resolves to a registered glyph (2 ms)
    √ loom resolves to a registered glyph (1 ms)
    √ shelf resolves to a registered glyph (1 ms)
    √ stonecutter resolves to a registered glyph (1 ms)
    √ door resolves to a registered glyph (2 ms)
    √ folds the kinds the vocabulary draws no distinction between (4 ms)
    √ leaves every other kind speaking its own name (5 ms)
    √ passes an unknown word through untouched (a wild source, a loose prop) (4 ms)
    √ the fridge is NOT called a chest — the id lies, the kind doesn't (2 ms)
  the vocabulary word walks back to its fixture kind
    √ cabinet IS the cupboard (3 ms)
    √ a word that is ALREADY a kind stays itself — `box` is the toy box (2 ms)
    √ the cabinet keeps the cupboard's SPEC properties, not an empty set (5 ms)
    √ `make + cabinet` reaches the cupboard recipe (2 ms)
  `chest` and `cupboard` are kinds, never words
    √ no ruleset's lexicon carries either one (2 ms)
    √ every ruleset says the words that REPLACED them (2 ms)
    √ a stored piece is SPOKEN as its vocabulary word (`furn.cupboard` → cabinet) (2 ms)
  `get` is a button, not a bare label
    √ it has artwork — the acquisition family's canonical head had none (2 ms)
    √ it shares `take`'s art on purpose — one act, two words (1 ms)
  the dwell bubble says what is happening
    √ at the toilet it is a TOILET, never a couch (2 ms)
    √ at the tub it is a WASH (1 ms)
    √ with no station the POSE speaks — through the project's own sit art (1 ms)
    √ sleep and play keep their own content (1 ms)
    √ NOTHING it can emit is a couch — the whole point (2 ms)
    √ every key it reaches for is a REGISTERED one, art or not (2 ms)
    √ the COMPLETED-motive bubbles reach for registered keys too (3 ms)
  you get IN the bath
    √ the tub is an on-fixture use — the bather settles inside it (4 ms)
    √ its use point is the BASIN, below the rim (3 ms)
    √ it can be entered from more than one side, unlike a front-only seat (2 ms)
    √ the pieces you merely work AT still keep the body outside them (2 ms)

  console.log
    [dotenv@17.2.3] injecting env (49) from .env -- tip: 🗂️ backup and recover secrets: https://dotenvx.com/ops

      at _log (node_modules/dotenv/lib/main.js:142:11)

PASS server/tests/world-engine/town-founding-age.test.ts
  an age-0 town with population: settlers, no buildings
    √ lays no houses, no works, no fields — population alone builds nothing (2 ms)
    √ starts at day 0 with the population it declared (2 ms)
    √ has no phantom founding farm — food must be built, not assumed (6 ms)
    √ seeds the builder's yard with EXACTLY the declared supply box (2 ms)
    √ still stands as a live session (stage tolerates the empty town) (5 ms)
    √ is deterministic — the same config builds the identical site again (9 ms)
    √ can afford and place its first building from the declared stock (4 ms)
  the founding-age gate
    √ day one is still founding age (a founding is day one) (10 ms)
    √ an established town keeps the historical 6-house floor, byte-identically (201 ms)
  the town scope's spec gate (city-founding fields)
    √ maps the author's `population` onto the config's startPop (2 ms)
    √ accepts age 0 and rejects negative days (28 ms)
    √ gates the supply box: glyph → positive integer counts only (3 ms)
    √ accepts the wilderness flag (2 ms)
  watched growth: marked site → doored building (the completion swap)
    √ an ordered build stands as a flat SITE marking, then swaps to doored rooms when its clock runs out (11 ms)
  a completed founded producer joins the economy books
    √ rebuilding with a completed farm delta raises the farm count scalar (its food is real) (7 ms)
  settlers — a defined family without a house (city-founding ②)
    √ an AGE-0 town accepts a family with no focused house — they are the settlers (14 ms)
    √ an ESTABLISHED town still requires the focused house (2 ms)
  wilderness scatter around a town site
    √ keeps the clearing disc open and stays deterministic (5 ms)
    √ defaults are byte-identical to the legacy scatter (no clearing params) (4 ms)

  console.log
    [dotenv@17.2.3] injecting env (49) from .env -- tip: 🔐 prevent building .env in docker: https://dotenvx.com/prebuild

      at _log (node_modules/dotenv/lib/main.js:142:11)

PASS server/tests/world-engine/symbol-game-goal-runtime.test.ts
  defaultCurfewRules — authored through the real pipeline
    √ compiles one self-authored 'when night go home' rule per creature (9 ms)
  stepCreatureGoals — the live curfew
    √ issues a go-home errand at night (clock starts at midnight) (8 ms)
    √ does not re-issue while it stays night (only on goal CHANGE) (1 ms)
    √ clears the goal by midday and re-issues the next night (2 ms)
    √ holds off while the creature is busy on another errand (3 ms)

  console.log
    [dotenv@17.2.3] injecting env (49) from .env -- tip: 🔐 prevent committing .env to code: https://dotenvx.com/precommit

      at _log (node_modules/dotenv/lib/main.js:142:11)

PASS server/tests/world-engine/town-quests.test.ts
  town-quests: sampling the books
    √ a fed town still asks (slot order on full ledgers), a lean one asks hungriest-first (43 ms)
  town-quests: the sampled game is an ordinary certified quest world
    √ passes BOTH gauntlets, anchors its cast to real town spots, deterministically (134 ms)
    √ a good without a vocabulary pool is skipped and RECORDED, never silently staged (164 ms)
  town-quests: a session's deliveries credit the books
    √ ask the free vendor, take, give — and the granary banks the delivery (78 ms)
    √ 🚨 B1 THE BRIDGE IS THE COMPILER'S OWN INVERSE — and it is the staple's day (2 ms)

  console.log
    [dotenv@17.2.3] injecting env (49) from .env -- tip: 🔐 prevent building .env in docker: https://dotenvx.com/prebuild

      at _log (node_modules/dotenv/lib/main.js:142:11)

PASS server/tests/world-engine/symbol-game-compile.test.ts
  symbol-game compiler → goal-tree certification
    √ covers the expected TELL exchanges (7 ms)
    √ every TELL exchange certifies under the deterministic first binding (19 ms)
    √ PROPERTY: every TELL exchange certifies under many random bindings (127 ms)
    √ carries each response's composed glyph onto its choose-option entity (5 ms)
    √ compiles exactly one correct option, matching the catalog's correct response (3 ms)
    √ compiles a DO fetch exchange (A1) to a carry-select transport with distractors, and certifies (3 ms)
    √ a DO fetch without pools fails with a clear error (29 ms)
    √ compiles a DO collect (group gather) to a collect node (3 ms)
    √ rejects an exchange with no responses and no action (2 ms)
    √ prepends a WATCH (observe) beat that teaches the correct glyph (2 ms)
    √ withWatch:false produces a pure TELL beat (choose only) (2 ms)
    √ attaches an onCorrect payoff to contingency concepts (A3 = more) and still certifies (2 ms)

  console.log
    [dotenv@17.2.3] injecting env (49) from .env -- tip: 📡 add observability to secrets: https://dotenvx.com/ops

      at _log (node_modules/dotenv/lib/main.js:142:11)

PASS server/tests/world-engine/spec-schema.test.ts
  validateFields — the generic descriptor gate
    √ rejects a non-object with the group's objectMessage (35 ms)
    √ rejects unknown fields path-exact, listing the allowed keys (3 ms)
    √ number: enforces range with the legacy (min..max) format (4 ms)
    √ int rejects fractions; floor coerces them (2 ms)
    √ enum / boolean / string / literal each emit their message (6 ms)
    √ required missing throws its message; optional-with-default fills in (2 ms)
    √ absent optional with no default stays absent (omitted, not defaulted) (2 ms)
    √ nested object recurses and applies inner defaults; object default is cloned per parse (2 ms)
    √ list validates each element against its item spec and caps length (4 ms)
    √ custom field delegates deep validation to its validator (4 ms)
  scope-registry — one entry per rung of the ladder
    √ covers every GAME_SCOPE, and the list is in ladder order (1 ms)
    √ parseWorldForScope validates against the owning scope (6 ms)

  console.log
    [dotenv@17.2.3] injecting env (49) from .env -- tip: 🔄 add secrets lifecycle management: https://dotenvx.com/ops

      at _log (node_modules/dotenv/lib/main.js:142:11)

PASS server/tests/world-engine/conversation-groups.test.ts
  formation — who opens, and who they open with
    √ the same seed forms the same circle, twice, from the same town (7 ms)
    √ …and a DIFFERENT seed is free to form a different one (the tail stays live) (4 ms)
    √ a lonely, talkative creature opens far more often than a contented quiet one (18 ms)
    √ nobody is drafted from across town — CHAT_PAIR_RADIUS is the reach (1 ms)
    √ the ANCHOR is the midpoint, and both openers are seated on real bearings (2 ms)
    √ a creature that is already talking is never drafted into a second circle (2 ms)
    √ busy hands, errands and cooled-down speakers are all out of the DRAFT (5 ms)
    √ ⑫ — A PARTY MEMBER MAY TALK. Following the player is not a reason to be silent (1 ms)
    √ ⑫ — a seated member is judged on PRESENCE, never on being busy (1 ms)
    √ ⑫ — a body that streamed out is genuinely gone (2 ms)
    √ ⑫ — a busy member is no longer swept out of a circle it is standing in (1 ms)
    √ ⑫ — but a member that walks OUT of the leash still leaves (1 ms)
  a bystander joins — and only ON ARRIVAL is it in the conversation
    √ walking PAST a circle never rolls the dice (1 ms)
    √ the dwell has to RUN OUT before the roll happens at all (3 ms)
    √ a FAILED roll restarts the stopwatch — it has to keep standing there (1 ms)
    √ 🚨 the roll starts a WALK, not a membership — floor rights come with the seat (3 ms)
    √ a reserved slot takes the largest GAP, so nobody walks into anybody (2 ms)
    √ a walk that never arrives releases its reservation (2 ms)
    √ the roster CAP holds against NPCs and never against a player (1 ms)
  the turn loop — a circle that actually talks
    √ 🚨 the same seed replays the same transcript, line for line (11 ms)
    √ the conversation ACCUMULATES: seqs advance and the history grows (2 ms)
    √ a third member is addressable — the circle is not two dyads (3 ms)
    √ a member with nothing to say drops out of the running rather than blocking it (5 ms)
  end conditions — boredom, drift, and being needed elsewhere
    √ dull turns accumulate, and CONV_FORM.boreS is the wall (2 ms)
    √ the warmest member says the goodbye — the one who minded most that it ended (1 ms)
    √ dispersal deletes the record, releases the index and cools everyone down (1 ms)
    √ DRIFT past the leash is a silent leave — the body already left (2 ms)
    √ …and the leash is `driftLeaveM`, not a step of thinking (1 ms)
    √ ⑫ — BEING NEEDED ELSEWHERE IS NO LONGER AN EVICTION (the law that changed) (2 ms)
    √ ⑫ — THE CIRCLE FOLLOWS ITS PEOPLE: the anchor eases toward the centroid (1 ms)
    √ ⑫ — …so a strolling pair is NEVER ejected for strolling (2 ms)
    √ ⑫ — the anchor does NOT jitter with a sidestep (it is eased, not snapped) (2 ms)
    √ ⑫ — STATION-KEEPING walks an IDLE straggler back, and leaves a BUSY one alone (2 ms)
    √ ⑫ — a member already inside the band is never made to walk (1 ms)
    √ a member marked `leaving` still gets the floor for its goodbye (2 ms)
    √ SAYING GOODBYE IS LEAVING — nobody stands there after their own bye (2 ms)
    √ a roster under two is not a conversation (1 ms)
  puzzle integrity — the item-class guard that replaced CHAT_SAFE_ACTS
    √ 🚨 a quest item NEVER moves on its own, however the act was phrased (1 ms)
    √ …and an ORDINARY item does — which is the whole point of decision 4 (1 ms)
    √ a need answered by a neighbour is a need FULFILLED, puzzle item or not (5 ms)
    √ a released item (no receiver) is not a hand-over (2 ms)
  publishConversationFocus — one answer for the camera and the voice
    √ THE PLAYER'S OWN CONVERSATION ALWAYS WINS, silent or not (2 ms)
    √ with the player in none of them, the NEAREST circle with words on screen wins (1 ms)
    √ a circle that has said NOTHING for focusHoldS is over as far as the camera cares (1 ms)
    √ an empty square focuses on NOTHING — a real answer, not a least-bad option (1 ms)
    √ 🚨 THE MUTE RULE IS PRESENTATION: the circle keeps running, it just goes quiet (2 ms)
    √ an UNFOCUSED circle is seen and not heard (2 ms)
  convoOfCreature — the law made checkable
    √ seating a creature that was talking elsewhere MOVES it; it is never in two (2 ms)
    √ a player opening a board on a circle's member JOINS that circle (⑩) (2 ms)
    √ a group record's id is NEVER reused, so the camera latch cannot be fooled (1 ms)
  ⑩ joining a circle — the board is the circle's own record
    √ the VIEW faces the creature the child chose; the RECORD is the whole circle (1 ms)
    √ the faced creature is remembered PER AUTHOR — two children, two boards (3 ms)
    √ an EMBODIED player takes a ring slot; a formless spirit takes none (3 ms)
    √ re-opening the same circle on a DIFFERENT member does not re-face the player (2 ms)
    √ the circle's turn loop carries on with the player seated — and never speaks FOR them (2 ms)
    √ a player is NEVER cooled down — a cooldown is a creature's rest from being drafted (4 ms)
  ⑩ the sync round-trip through convoOfCreature
    √ the message is keyed on the creature THAT MEMBER faces, not on the record (2 ms)
    √ a player-opened record keys on its own creature, exactly as ⑥ did (2 ms)
    √ the faced creature LEAVING re-aims the board at whoever is still there (3 ms)
  ⑩ convoAddressee — the gaze picks the partner inside the roster
    √ addressing a fellow member changes WHOM the next thing said is said to (4 ms)
    √ addressing somebody who is NOT in the roster is refused (1 ms)
    √ it CLEARS when that member leaves the roster (1 ms)
    √ …and when the board closes or switches (2 ms)
    √ a VOCATIVE preempts it — a spoken name beats the gaze-set addressee (1 ms)
    √ ⑫③ a DYAD needs none of this — the exemption answers before the echo does (1 ms)
  ⑩ idle lapses MEMBERSHIP in a circle, and closes a dyad
    √ the circle carries on without the idle player (2 ms)
    √ a DYAD keeps today's close — nothing was happening in it but the child (2 ms)
    √ the LAST creature leaving a joined circle ends it — a ring of one is not a conversation (2 ms)
  ⑩ conversationSpent — the group-guard refinement
    √ a circle with a player in it is NOT spent while there is somebody to talk to (2 ms)
    √ an ALL-NPC circle is never this predicate's business — its own dynamics end it (1 ms)
    √ 🚨 an author left standing in an EMPTY ring is spent — nobody is left to talk to (1 ms)
  ⑩ the mute rule, once the child has joined
    √ a circle the player is IN stays voiced with their board open (3 ms)
    √ a circle the player is NOT in still goes quiet while a board is up (1 ms)
    √ the focus candidate for a joined circle is published ONCE, not twice (1 ms)

  console.log
    [dotenv@17.2.3] injecting env (49) from .env -- tip: ⚙️  suppress all logs with { quiet: true }

      at _log (node_modules/dotenv/lib/main.js:142:11)

PASS server/tests/world-engine/willingness-probability.test.ts
  gateProbability — a soft edge on the OLD threshold
    √ is exactly a coin flip AT the threshold ("just barely willing" always was) (3 ms)
    √ is STRICTLY INCREASING in score — no decision inverts, so no tuning is undone (2 ms)
    √ stays a probability in [0,1] across the whole score range (23 ms)
    √ SATURATES to near-certainty well above the bar — the fixed-game pedagogy mechanism (2 ms)
    √ …and to near-zero well below it — a clear no never surprises with a lucky yes (1 ms)
    √ is SYMMETRIC about the threshold (equal distances mirror to 1−p) (1 ms)
    √ a HIGHER temperature is a softer edge — closer to the coin flip on both sides (2 ms)
    √ survives a degenerate temperature (0 / negative) as a steep curve, never NaN (4 ms)
  gateTemperature — volatile creatures are noisy, stable ones near-deterministic
    √ spans 0.02 (perfectly stable) … 0.18 (fully volatile) (3 ms)
    √ DECREASES with stability, and never leaves those bounds (6 ms)
    √ a `unit`/`drone` (stability 1) is effectively the old HARD threshold (1 ms)
    √ an `oddball` (stability 0.2) is a genuine maybe near the bar (1 ms)
  attend — the ANSWER gate
    √ sits mid-scale for a neutral creature toward a stranger it is not engaged with (3 ms)
    √ is monotone in EXPRESSIVENESS (a quiet creature stays quiet even among friends) (2 ms)
    √ is monotone in AFFINITY across the full signed range (1 ms)
    √ is monotone in ENGAGEMENT — the one LIVE term in the family (1 ms)
    √ reaches the ends of [0,1] exactly, and clamps beyond them (3 ms)
    √ stays in [0,1] over a sweep of the whole dial space (9 ms)
    √ a talkative creature answers a stranger more readily than a reticent friend does (2 ms)
    √ composes with the curve: engaged + liked + expressive ⇒ answers as good as always (1 ms)
  the existing gates are UNCHANGED (zero behavior change is the acceptance bar)
    √ generosity still returns its current numbers (1 ms)
    √ sociability is still exactly generosity (one formula, deliberately) (4 ms)
    √ willingnessToJoin still admits a neutral asker and still refuses a cold refusal (2 ms)
    √ attend is NOT a copy of generosity — it reads a different set of dials (1 ms)
  the gate family is still monotone end-to-end through the curve
    √ a warmer owner is never less likely to give (score ↑ ⇒ probability ↑) (2 ms)
    √ the old hard answer and the soft one agree wherever the score is not borderline (2 ms)
  the give gate through selectAct — ctx.rng decides what a threshold used to
    √ a passing draw gifts what the hard bar refused (the stranger's lucky day) (3 ms)
    √ a failing draw refuses what the hard bar granted (even a friend can say no) (2 ms)
    √ SATURATION beats the unlucky roll: a stable creature with a strong bond still gives (1 ms)
    √ only the JUDGMENT is fuzzy — a bound keepsake is refused on a perfect roll (1 ms)
    √ …and a covering DEBT is settled on the worst roll (step 2 is bedrock too) (2 ms)
  the join gate through selectAct — the same stream, the other verdict
    √ a passing draw accepts an invitation a cold creature would have refused (1 ms)
    √ a failing draw refuses one a neutral creature would have accepted (1 ms)
    √ WANTING the activity is never a draw — a firing need accepts on the worst roll (1 ms)
  seed reproducibility — the same stream is the same world
    √ sits on the bar, so every turn is genuinely undecided (1 ms)
    √ the same seed replays the same verdicts, ask for ask (5 ms)
    √ a per-TURN key really varies — asking twice is a new question, not a rerun (2 ms)
    √ a different world seed is a different world (4 ms)
  the LEGACY path — no rng means the old hard thresholds, unchanged
    √ give: the stranger is refused and the friend is gifted, exactly as before (2 ms)
    √ join: the neutral asker is admitted and the cold refusal stands (2 ms)
    √ the boundary is still `>=` — a score exactly ON the bar passes without a draw (1 ms)
    √ a creature just SHORT of the bar is still refused with no stream (2 ms)
  meta.playerRelation — the authority knob a fixed game seeds (decision 2)
    √ a plain stranger never clears the volunteer bar — which is why the knob exists (1 ms)
    √ seeded authority 0.9 clears an order gate that DEFAULT_RELATION fails (2 ms)
    √ no knob ⇒ the family/stranger fallback stands (free play keeps its fuzz) (1 ms)
    √ the knob speaks OVER the family fallback, and unset axes come from the default (2 ms)
    √ and the SATURATION payoff: a seeded bond makes the fuzzy give gate certain (2 ms)

  console.log
    [dotenv@17.2.3] injecting env (49) from .env -- tip: 🔑 add access controls to secrets: https://dotenvx.com/ops

      at _log (node_modules/dotenv/lib/main.js:142:11)

PASS server/tests/world-engine/address-channel.test.ts
  ① a dyad NEVER pays — law ④, and nothing below it can override it
    √ one other person answers `dyad` however busy, hostile or urgent it is (3 ms)
    √ …and it draws NOTHING: a free channel touches no stream (1 ms)
    √ a roster with NOBODY else in it is exempt too — there is even less to say (1 ms)
    √ THREE is not a dyad — this is where the chapter starts (1 ms)
  ② a line aimed at nobody goes to the floor, and buys nothing
    √ no `intended` ⇒ `floor`, busy or not, needed or not (2 ms)
    √ …without a draw, and WITHOUT reading two absences as a match (2 ms)
  ③ already addressing them ⇒ `look`, free
    √ a standing address is not re-bought, however busy the body is (1 ms)
    √ …and draws nothing — a bought channel is not re-decided (1 ms)
    √ an address at SOMEBODY ELSE is not this channel — looking away costs again (6 ms)
  ④ a body that can afford to stop, stops
    √ `!busy` ⇒ `look`, whatever the temperament (1 ms)
    √ …and draws nothing: there is no decision when there is no cost (1 ms)
  ⑤ the busy body decides — ONE seeded draw
    √ exactly one draw, and only here (1 ms)
    √ a draw under the curve interrupts the work; one over it does not (2 ms)
    √ 🚨 THE BAR IS `attend` AT NEUTRAL — a fully engaged neutral creature is a coin flip (2 ms)
    √ an EXPRESSIVE creature interrupts itself; a STOLID one keeps working (2 ms)
    √ a STABLE creature is near-deterministic; a VOLATILE one has a real maybe (2 ms)
  ⑥ the name is the channel that survives a busy body
    √ an act that NEEDS a named person gets one: `name` (1 ms)
    √ an act that does not, goes to the FLOOR — a consequence, never a fine (law ③) (2 ms)
    √ every branch of the table is reachable, and nothing else is (2 ms)
  the same seed reaches the same channel
    √ two runs of the same stream answer identically, every time (2 ms)
    √ a DIFFERENT seed is a different transcript — the draw is real (1 ms)
  monotone in every input `attend` reads
    √ EXPRESSIVENESS — the dial for being the sort that speaks (1 ms)
    √ AFFINITY — whether it cares who is asking (2 ms)
    √ ENGAGEMENT — the one LIVE term: how much of it this conversation holds (5 ms)
    √ …and the ordering is `attend`'s own, so no tuning already done is undone (1 ms)
  planAddress (host mirror) — the beat, the name and the floor
    √ ★ STOP, TURN, THEN SPEAK — the beat IS the turn, and the line lands on the next one (1 ms)
    √ a FREE body turns and speaks — the beat is still taken, the turn is still spent (1 ms)
    √ a DYAD speaks straight through, and records nothing (law ④) (2 ms)
    √ `name` records the address and keeps working — no beat (2 ms)
    √ 🚨 `floor` RE-AIMS THE LINE AT THE ROOM — the consequence, never a fine (law ③) (2 ms)
    √ a move aimed at nobody is spoken unchanged, and buys nothing (1 ms)
    √ a beat that CANNOT be taken never stalls the circle — it FALLS BACK (2 ms)
    √ 🚨 …and an un-payable look on a FLOOR-SAFE act goes to the floor, not free (1 ms)
    √ `request` is in ADDRESSEE_REQUIRED_ACTS and `how-are-you` is not — the two arms above (1 ms)
  it is a decision and nothing else
    √ reads its input and writes nothing back (1 ms)
    √ is total — an out-of-range engagement is clamped, never a throw (1 ms)

  console.log
    [dotenv@17.2.3] injecting env (49) from .env -- tip: 🛠️  run anywhere with `dotenvx run -- yourcommand`

      at _log (node_modules/dotenv/lib/main.js:142:11)

PASS server/tests/world-engine/conversation-state-split.test.ts
  board navigation is PER DEVICE — two boards, one conversation
    √ two devices page the same menu independently — neither clobbers the other (8 ms)
    √ navigation NEVER touches the shared record — it is not the conversation's business (2 ms)
    √ an act that moves no menu returns no ui, so the device's board stays put (2 ms)
  a stated price is quoted to ONE asker (§6)
    √ the quote lands on the ASKER's row, not on the conversation at large (8 ms)
    √ Ben's board does NOT honor the price quoted to Ann (3 ms)
    √ paying clears only the payer's quote (2 ms)
    √ with NO conversation the quote is stateless — the ambient-chatter mode (1 ms)
  a need said ALOUD is revealed to every member (law 4)
    √ Ann's small talk opens the need on BEN's board too (3 ms)
    √ a member who joins LATER inherits it — the conversation holds it, not the asker (3 ms)
    √ with NO conversation the reveal dies with the call (stateless, as `{}` was) (2 ms)

  console.log
    [dotenv@17.2.3] injecting env (49) from .env -- tip: ⚙️  load multiple .env files with { path: ['.env.local', '.env'] }

      at _log (node_modules/dotenv/lib/main.js:142:11)

PASS server/tests/world-engine/plan-costs-and-bags.test.ts
  ③ pricePlan — a plan's cost is its legs plus its hands
    √ one leg + one act: the walk, then the stall's own beat (5 ms)
    √ 🚨 THE WALK IS CHAINED — leg two starts where leg one ended, so a DETOUR costs its detour (3 ms)
    √ an UNPRICED resolver costs nothing at all — the byte-identical property (2 ms)
    √ an unlocatable body still prices its DETOURS — the first leg is simply free (2 ms)
    √ W1: with no journey measure the price is the CHORD — the byte-identical default (2 ms)
    √ W1: the world's OWN measure is what the legs are billed at — and it CHAINS (2 ms)
    √ 🚨 W1: THE SELECTION MOVES — a 400 m 'bargain' stops beating a 90 m walk (2 ms)
  ③ SEAT 4 — find(compileGoal) becomes an argmax over the compiled cost
    √ the NEARER of two compiling candidates wins, whatever the list order (2 ms)
    √ flag OFF keeps FIRST-COMPILABLE, byte for byte (the kill-switch) (2 ms)
    √ an UNPRICED resolver also lands on first-compilable — every plan ties at zero (2 ms)
    √ a candidate that CANNOT compile never wins, however cheap it would be (3 ms)
    the HYSTERESIS margin holds the standing candidate
      √ a challenger inside the margin does NOT take the seat (1 ms)
      √ …and a challenger PAST the margin does (1 ms)
      √ the margin protects only the SAME ROW's pick — a different motive starts fresh (2 ms)
      √ a settled pick is REMEMBERED, so the next decide is the one that holds (1 ms)
    ⚠️ THE GROUPS ARE NOT INTERCHANGEABLE
      √ the FIRST group with anything compilable wins — a cheaper fallback stays a fallback (1 ms)
      √ …and when nothing in the first group compiles, the fallback still gets its turn (2 ms)
    the TASTE bonus — hot-meal-first stops being a list order
      √ only a cooked meal carries one, and it is the documented exchange rate (1 ms)
      √ the dinner on the table wins across a house (the shipped preference, priced) (2 ms)
      √ …but not across the town: past ~48 m further, the raw unit at hand wins (1 ms)
  ④ ENABLE at the BODY rung — bring a basket when the basket pays
    √ FIVE SHORT: bare-handed the cupboard's ONE unit wins — with a basket the MARKET does (4 ms)
    √ ONE SHORT: the household wants a single unit, so a basket buys NOTHING (2 ms)
    √ THE SAME WANT fetches or refuses, on the basket's DISTANCE alone (2 ms)
    √ 🚨 A CUSTOMER NEVER FETCHES A BASKET WHILE THE SHELF HAS ANY (law ②) (2 ms)
    √ a bag with no more room than the HANDS is no enabler at all (1 ms)
    √ a bag ANOTHER trip has spoken for is invisible — no two bodies count one basket (1 ms)
    √ the NEAREST usable basket wins, deterministically (1 ms)
    √ flag OFF: nobody ever fetches a bag (the kill-switch) (1 ms)
  ④ ENABLE at the TOWN rung — 'one block at a time' becomes a division
    √ a SIX-BLOCK haul with bare hands picks up the yard basket (2 ms)
    √ …and a ONE-BLOCK haul does not: one trip covers it bare-handed (3 ms)
    √ …nor does a basket four hundred metres away, for six blocks (1 ms)
    √ a porter who ALREADY has a bag never detours (room already covers the bill) (1 ms)
    √ the arithmetic, spelled out: per-unit cost is what decides (2 ms)
    √ flag OFF: no porter ever detours for a bag (the kill-switch) (2 ms)
    TWO PORTERS, ONE BASKET — and the unobserved twin
      √ the first speaks for it; the second re-plans at bare capacity (2 ms)
      √ THE TWIN MIRRORS THE OBSERVED ARM: a haul it resolves away gives the basket back (3 ms)
      √ the holder GC is BLIND and idempotent — a dead trip's claim never outlives it (1 ms)
  ⑤ LOOP 1 — container → floor → container (fun ⇄ tidy), closed by forgoneS
    √ 🚨 THE LOOP, CLOSED: a bored body PLAYS with its toy instead of filing it (2 ms)
    √ THE PASS-2 EVIDENCE, kept: without the charge the ladder still says tidy (3 ms)
    √ THE CHARGE, spelled out: forgoneS is the serving row's own value, and only the REMOVER pays (2 ms)
    √ 🚨 BOTH DIRECTIONS: a toy nobody wants is SWEPT, one a bored housemate wants is NOT (3 ms)
    √ the CYCLE, as it now runs (nothing here is scripted — each step is one decide) (2 ms)
  ⑤ LOOP 2 — the leftover-unit bag deadlock, closed by the outlet test
    √ 🚨 THE DEADLOCK, CLOSED: the full box makes the basket IDLE and it goes down (1 ms)
    √ THE BAG GOES DOWN WHOLE — one intent, one unit, nothing spilled (1 ms)
    √ A ROW THAT WILL USE IT UP keeps the bag in the hands — the apple is lunch (2 ms)
    √ …and the escape by the OTHER door is unchanged: any room, and the goods row banks (3 ms)
    √ THE WAY BACK: a set-down basket with a unit still in it is an ORDINARY idle bag (2 ms)
  ⑥ the set-down basket is a SOURCE, drawn from in place
    √ THE ENUMERATION: what joins the walk, and what is somebody else's business (1 ms)
    √ 🚨 THE PIN: the housemate's put-away row draws the apple FROM THE BASKET, in place (1 ms)
    √ …and the very next decide banks it in the wardrobe (the one-way move) (2 ms)
    √ CLAIMS APPLY: a basket a housemate has spoken dry is not a source for you (1 ms)
    √ CONSERVATION: one apple, one place — the basket's stack pays for what the body gains (2 ms)
    √ A CONTAINER IS A SOURCE, NOT A PICKUP — quest-host's `asContainerSource`, mirrored (2 ms)
    √ 🔁 FLIPPED (user decision 2026-08-03): hunger REACHES it — the basket is a last resort, not a blank (2 ms)

  console.log
    [dotenv@17.2.3] injecting env (49) from .env -- tip: 🔄 add secrets lifecycle management: https://dotenvx.com/ops

      at _log (node_modules/dotenv/lib/main.js:142:11)

PASS server/tests/world-engine/dwell-interaction.test.ts
  no conversation running
    √ SHORT on an object puts it on the board (3 ms)
    √ LONG on a creature opens a conversation (1 ms)
    √ does NOT open a conversation on a passing glance (1 ms)
    √ LONG on bare ground names the room (2 ms)
    √ says nothing on a SHORT glance at bare ground (2 ms)
  mid-conversation, the same hovers become instructions
    √ SHORT on an object opens its board AND points the partner at it (1 ms)
    √ SHORT on another creature points the partner at them (1 ms)
    √ LONG on another creature turns to THEM instead (2 ms)
    √ LONG on the ground names the room AND sends the partner there (2 ms)
    √ keeps the out-of-conversation effect FIRST, so a conversation only ADDS (2 ms)
    √ looking at the PARTNER is attention, not an instruction (2 ms)
  the invariants that make the rules consistent
    √ never acts on nothing (2 ms)
    √ never acts on a creature or object with no identity (1 ms)
    √ ALWAYS acts on the hovered thing and never on another (5 ms)
    √ addresses instructions to the PARTNER, never to the thing hovered (2 ms)
    √ has no leave-by-looking-away action anywhere in the table (3 ms)
    √ is pure — the same hover answers the same way every time (3 ms)
  player membership (§3f) — the roster reinterprets the gaze law
    √ still acts ONLY on the hovered body, whatever the roster says (1 ms)
    JOIN — long-dwelling someone who is already talking
      √ marks the talk act so the host opens THEIR conversation, not a rival one (2 ms)
      √ omits the discriminant entirely when they are talking to nobody (2 ms)
      √ still needs a LONG rest — joining is as much a commitment as opening one (2 ms)
      √ rides a SWITCH too — leaving my circle for someone standing in another (1 ms)
    ADDRESS — a look at a FELLOW member picks whom I am speaking to
      √ a SHORT settle on a fellow member addresses them (1 ms)
      √ NEVER hands the conversation over to someone already in it (1 ms)
      √ NEVER commands anybody ABOUT a fellow member (1 ms)
      √ says NOTHING about the member I am already addressing (1 ms)
      √ says NOTHING about the creature whose board I face (1 ms)
      √ addresses a member even with no board up — the ROSTER makes them a fellow (2 ms)
    OUTSIDERS keep the dyadic cells
      √ a glance points my partner at them; a long rest hands the conversation over (4 ms)
      √ a roster NEVER silences an outsider the addressee stack happens to name (2 ms)
      √ objects and ground read the same inside a roster as out of one (1 ms)
    ABSENT FIELDS ARE THE OLD TABLE, byte for byte
      √ { kind: 'object', id: 'chest_1', x: 3, y: 4 } / short answers exactly as it did before rosters (3 ms)
      √ { kind: 'object', id: 'chest_1', x: 3, y: 4 } / long answers exactly as it did before rosters (3 ms)
      √ { kind: 'creature', id: 'mara', x: 1, y: 2 } / long answers exactly as it did before rosters (2 ms)
      √ { kind: 'creature', id: 'mara', x: 1, y: 2 } / short answers exactly as it did before rosters (1 ms)
      √ { kind: 'ground', x: 5, y: 6 } / long answers exactly as it did before rosters (1 ms)
      √ { kind: 'ground', x: 5, y: 6 } / short answers exactly as it did before rosters (1 ms)
      √ { kind: 'object', id: 'well_1', x: 3, y: 4 } / short answers exactly as it did before rosters (1 ms)
      √ { kind: 'creature', id: 'bram', x: 1, y: 2 } / short answers exactly as it did before rosters (1 ms)
      √ { kind: 'creature', id: 'bram', x: 1, y: 2 } / long answers exactly as it did before rosters (2 ms)
      √ { kind: 'creature', id: 'mara', x: 1, y: 2 } / short answers exactly as it did before rosters (1 ms)
      √ { kind: 'creature', id: 'mara', x: 1, y: 2 } / long answers exactly as it did before rosters (1 ms)
      √ { kind: 'ground', x: 5, y: 6 } / long answers exactly as it did before rosters (2 ms)
      √ never emits an ADDRESS act without a roster (2 ms)
      √ an EMPTY roster is no roster — nobody is a fellow member of nothing (1 ms)
  build mode (⑦ — the ground answers the build word)
    √ LONG on a lit spot chooses it — the spark is over the GROUND (1 ms)
    √ LONG off every spot LETS THE CHOSEN ONE GO — open ground is an answer (1 ms)
    √ leaves the SHORT glance alone — a fixture still names itself (3 ms)
    √ NEVER turns a thing into a place — the hovered object stays the target (1 ms)
    √ never turns a PERSON into a spot (1 ms)
    √ means nothing extra with the build word DOWN (2 ms)
    √ outranks the send-partner instruction while a conversation runs (2 ms)
    √ ONE CHANNEL: no hover ever answers as both a thing and a place (2 ms)

  console.log
    [dotenv@17.2.3] injecting env (49) from .env -- tip: 👥 sync secrets across teammates & machines: https://dotenvx.com/ops

      at _log (node_modules/dotenv/lib/main.js:142:11)

PASS server/tests/world-engine/conversation-form.test.ts
  openerScore — lonely AND talkative
    √ multiplies the need by the disposition, so one alone is not enough (4 ms)
    √ clamps out-of-range and NaN dials instead of poisoning the wheel (4 ms)
  pickOpener — nobody to ask
    √ an empty town has no opener, and costs no draw (2 ms)
    √ consumes exactly ONE draw per call, whatever the candidate count (3 ms)
  pickOpener — the weighting, read analytically
    √ gives the lonely talkative creature three quarters of the wheel (2 ms)
    √ a single candidate opens whatever it rolls (1 ms)
  pickOpener — favours the keen, and the tail stays live
    √ over 500 seeded draws the keen creature leads and the quiet one still opens (5 ms)
    √ identical candidates share the wheel evenly (5 ms)
  pickOpener — determinism
    √ the same seed gives the same openers, draw for draw (7 ms)
    √ a different seed gives a different transcript (the draw is real) (5 ms)
  bystanderJoins — the curve
    √ sits at 0.35 for a featureless bystander (5 ms)
    √ spans joinBase..joinCeil, and never reaches either certainty (7 ms)
    √ rises with OPENNESS at every fixed warmth (22 ms)
    √ rises with WARMTH at every fixed openness (23 ms)
    √ weights openness above warmth — the dial for walking up to strangers (4 ms)
    √ clamps out-of-range and NaN dials to the ends of the curve (5 ms)
  bystanderJoins — determinism
    √ the same seed gives the same joins, draw for draw (4 ms)
  mayJoin — NPCs under the cap
    √ admits an NPC while there is room and refuses it at the cap (1 ms)
    √ never turns a PLAYER away, however full the ring is (2 ms)
    √ a ring full of players still admits a player and refuses an NPC (1 ms)
    √ re-admitting an existing member is a no-op, not an eviction (2 ms)
    √ has nobody to admit when the candidate has no id (2 ms)
  ringSlotFor — the pair (n = 2)
    √ puts the second body opposite the first, at today's pair distance (2 ms)
    √ opens an empty ring at the reference direction (4 ms)
    √ seats a member the host never placed rather than stacking bodies on one spoke (1 ms)
  ringSlotFor — the newcomer takes the largest gap
    √ steps into the widest opening, not the nearest one (1 ms)
    √ breaks a tie on the earliest gap, so the answer never depends on arrival order (2 ms)
    √ normalizes whatever angles the host hands back in (2 ms)
  ringSlotFor — no dance
    √ never revisits a seated member's angle as the ring grows (2 ms)
    √ is a pure function of the ring it is given (2 ms)
  ringSlotFor — the clearance law
    √ holds for every uniform ring up to the cap (3 ms)
    √ holds for a MIXED ring — the bear widens the circle it stands in (2 ms)
    √ never shrinks below the conversational floor for a girthless roster (2 ms)
    √ caps a ring whose members share a spoke instead of returning Infinity (2 ms)
    √ survives a roster with no girths at all (2 ms)
  pickConversationFocus — the player's own conversation wins
    √ beats a nearer, louder circle across the square (1 ms)
    √ keeps focus through a long silence in the player's own conversation (1 ms)
    √ takes the nearest when the player is somehow in two (2 ms)
  pickConversationFocus — else the nearest with words on screen
    √ prefers the nearer of two talking circles (1 ms)
    √ skips a nearer circle that has gone quiet past holdS (3 ms)
    √ holds a circle right up to holdS and drops it after (1 ms)
    √ takes holdS from the caller when the camera wants a shorter leash (1 ms)
    √ focuses NOTHING when every circle has gone quiet (2 ms)
    √ breaks a distance tie on the host's own order (2 ms)
  pickConversationFocus — edges
    √ an empty square focuses nothing (2 ms)
    √ is deterministic and non-mutating (3 ms)
    √ ranks an unmeasurable distance last rather than dropping the candidate (1 ms)

  console.log
    [dotenv@17.2.3] injecting env (49) from .env -- tip: ⚙️  suppress all logs with { quiet: true }

      at _log (node_modules/dotenv/lib/main.js:142:11)

PASS server/tests/world-engine/world-engine-rebase.test.ts
  WorldHost.rebase
    √ re-expresses every avatar pose exactly (position, facing, velocity) (26 ms)
    √ re-expresses object positions (6 ms)
    √ an errand survives the rebase — the NPC walks on to the SAME (re-expressed) goal (79 ms)
    √ a wanderer's home tether follows the chart — it roams around the MAPPED home (109 ms)
  NpcController.rebase
    √ re-expresses the errand polyline in place (dwell/arrive metadata intact) (6 ms)

  console.log
    [dotenv@17.2.3] injecting env (49) from .env -- tip: 🔐 prevent committing .env to code: https://dotenvx.com/precommit

      at _log (node_modules/dotenv/lib/main.js:142:11)

PASS server/tests/world-engine/need-costs-and-claims.test.ts
  ① CLAIM DOWN — unit reservations for bodies
    √ two housemates, one chest of 3: the FIRST speaks for all three, the SECOND sees none (7 ms)
    √ a body never hides stock from ITSELF — its own claim is not subtracted (3 ms)
    √ CONSUME at arrival by what actually left, release the rest (3 ms)
    √ claims never leak: commit → re-decide → clear → demote all end empty (2 ms)
    √ the bottomless and the whole: a well and a loose prop are never reserved (3 ms)
  urgencyOf — the drive's pressure, per drive kind
    √ a meter reads in cycles owed: 1 at firing, and it keeps climbing (2 ms)
    √ a stock drive reads the SHORTFALL FRACTION — one short presses gently (2 ms)
    √ a zero-tolerance mess drive has no fraction to take — any unit is full pressure (9 ms)
  intentCost — the journey and the hands, priced
    √ a market take costs the walk plus the stall's own beat (3 ms)
    √ an UNPRICED ctx costs nothing at all — that is what keeps the flag honest (2 ms)
    √ an UNREACHABLE candidate prices at ∞ (2 ms)
  SEAT 2 — acquireFrom ① THE CUSTOMER: a drive row buys ONE RATION, by cost
    √ 🚨 REGRESSION: a hungry member eats from a half-full fridge instead of walking to market (1 ms)
    √ …at ANY fill level ≥ the want, and at BOTH walk scales (7 ms)
    √ household one short: the walk is not worth it — the PANTRY wins (1 ms)
    √ 🚨 THE EMPTY PANTRY IS UNTOUCHED: the trip still happens, still RESTOCK-SIZED (3 ms)
    √ flag OFF: first-non-empty, so the one-unit pantry ALWAYS wins (the surveyed bug) (2 ms)
    √ an UNREACHABLE market loses on price alone — no cooldown, no vanishing shelf (2 ms)
    √ the pick is DETERMINISTIC — same inputs, same choice, no clock, no RNG (2 ms)
    √ UNPRICED ⇒ the first-match rule, byte for byte, flag or no flag (7 ms)
    √ A DRIVE ROW PAYS NO FORGONE — the cull gate cannot be reached by the new valuation (2 ms)
  SEAT 2 — acquireFrom ② THE INVENTORY MANAGER: a deposit row buys the SHORTFALL
    √ household five short: the MARKET wins despite the walk (2 ms)
    √ household one short: the walk is not worth it — the NEAR shelf wins (1 ms)
    √ 🚨 AND THE SHORTAGE DISCOUNT IS STILL LIVE ON THIS SEAT — it is the whole ranking (1 ms)
  SEAT 1 — decideNeeds: the canonical orderings, priced
    √ THE BANK ORDERING EMERGES: the half-finished haul beats the nap, priced (4 ms)
    √ …and it is the ARITHMETIC, not the boost: it beats WASTE too (4.5 > BANK_PRIORITY) (2 ms)
    √ flag OFF the boost is what wins it — the kill-switch keeps the shipped fix (1 ms)
    √ DISTANCE NOW ENTERS SELECTION: a bed at hand beats a meal across the town (1 ms)
    √ the CEILING is the drive's own clock — an over-urgent want never buys more (1 ms)
    √ an UNPRICED row set decides exactly as it always did (the flag is inert) (1 ms)
    √ THE LIVELOCK INVARIANT survives the switch: a bank never outranks its own acquirer (2 ms)
    √ ZERO ROOM kills the phantom take — no take-shaped row can win (2 ms)
  the flag itself
    √ ships ON — flag-off is the kill-switch, not the default (2 ms)

  console.log
    [dotenv@17.2.3] injecting env (49) from .env -- tip: 🔐 prevent committing .env to code: https://dotenvx.com/precommit

      at _log (node_modules/dotenv/lib/main.js:142:11)

PASS server/tests/world-engine/creature-clothing.test.ts
  clothing data layer — clamp + validate
    √ clampGarment: junk in, a valid shirt out; ranges enforced (4 ms)
    √ clampOutfit caps at MAX_GARMENTS; absent stays absent (bare — old blueprints byte-stable) (2 ms)
    √ clampBlueprint carries a wardrobe through; validateBlueprint accepts it and flags junk (5 ms)
  garment meshes — offset shells over the same bones
    √ a dressed human carries every garment as tagged extra geometry, same bone count (97 ms)
    √ a dress emits a skirt (more verts than the same-coverage shirt) on the human (45 ms)
    √ species-flexible: a limbless body still wears a shirt (a tube — no sleeves, no crash) (13 ms)
    √ every garment kind builds on every default body without throwing (72 ms)

  console.log
    [dotenv@17.2.3] injecting env (49) from .env -- tip: ⚙️  enable debug logging with { debug: true }

      at _log (node_modules/dotenv/lib/main.js:142:11)

PASS server/tests/world-engine/where-is-resolution.test.ts
  where-is → the responder's OWN acquire resolution (law ③)
    √ a stocked fridge is NAMED — the verbless locative, container in the place slot (5 ms)
    √ level a answers with the CONTAINER alone (the one-symbol reader's answer) (2 ms)
    √ an EMPTY fridge with a stocked market answers with DIRECTIONS, not a shrug (2 ms)
    √ no row and no told fact → the honest DON'T-KNOW (never silence) (2 ms)
    √ a row that resolves to NOTHING says there is none — a different fact from not knowing (1 ms)
    √ a TOLD provides fact still answers when the responder has no row of its own (3 ms)
    √ the OWN resolution OUTRANKS the told fact — the fridge beats the market it was told about (2 ms)
    √ a ROW MARKER itemId never shortcuts the type chain (2 ms)
    √ a KNOWN INSTANCE still answers ahead of the probe (2 ms)
  a directions PICK about a good is a sort question too
    √ a stocked fridge diverts the pick to the locative (2 ms)
    √ a PLACE answer changes nothing — the directions reply is byte-identical (2 ms)
    √ a subject that names a PLACE keeps pointing, whatever the rows say (2 ms)
  the ask ACT carries the sort it is about
    √ a resource-type want projects a where-is with `target` (4 ms)
  typeTarget — the LISTENER'S OWN ROWS count as recognizing a word
    √ without the hook, the spoken noun is still carried as the sort (3 ms)
    √ with the hook, the word IS a sort — because the person asked can place it (3 ms)
    √ a KIND the listener can place is the MORE SPECIFIC reading, and wins (3 ms)
    √ the probe is asked about the LISTENER, never the speaker (1 ms)
  D1 — a well-formed 'where + noun' ALWAYS becomes an ask
    √ where + ball parses to an act that names its sort (3 ms)
    √ where + apple parses to an act that names its sort (1 ms)
    √ where + refrigerator parses to an act that names its sort (2 ms)
    √ where + mara parses to an act that names its sort (2 ms)
    √ a NAMED creature stays a presence question, not an item hunt (2 ms)
    √ a BARE 'where' with nothing named is still honestly not understood (1 ms)
  D3 — the HOLDER answer: somebody has it
    √ a housemate holding it is NAMED ('biscuit + have + ball') (1 ms)
    √ its OWN hand answers in the first person ('i_me + have + ball') (2 ms)
    √ a place answer still points, and an absent one still says don't-know (2 ms)
  D2 — a CREATURE's whereabouts: sight before the told fact
    √ a housemate who can SEE her answers the room she is standing in (4 ms)
    √ out of view, with nothing told, it is the honest don't-know (1 ms)
  arbitration — a member the probe answers for CAN answer
    √ without the hook the sort question lands on the floor rung (1 ms)
    √ a container/place answer lifts the member to the ANSWERABLE rung (1 ms)
    √ a member whose row resolves to nothing is NOT promoted (it has no answer) (5 ms)

  console.log
    [dotenv@17.2.3] injecting env (49) from .env -- tip: 🗂️ backup and recover secrets: https://dotenvx.com/ops

      at _log (node_modules/dotenv/lib/main.js:142:11)

PASS server/tests/world-engine/symbol-game-needs.test.ts
  hunger — meter drive over the acquire branches
    √ below threshold → idle, whatever the world offers (4 ms)
    √ hungry, pantry stocked → take 1 from the home container (first branch) (3 ms)
    √ hungry, pantry EMPTY → falls through to buying 1 at the source (2 ms)
    √ hungry, nothing anywhere → blocked (surfaces, never crashes) (2 ms)
  hunger — consuming
    √ carrying a unit → consume at the preferred station kind (2 ms)
    √ carrying, no station at all → consume in place (2 ms)
    √ a unit already WAITING at a station → acquire + consume combine (skip the fetch) (7 ms)
    √ disruption re-routes: the carried unit vanishes → the next call fetches again (2 ms)
  provision — stock drive, deposit satisfy
    √ pantry below the buffer → buy the shortfall at the source, capped by its shelf (1 ms)
    √ pantry at/above the buffer → idle (no trip) (1 ms)
    √ CARRYING units (a gift) → deposit at home even though stock is fine (1 ms)
    √ deposit is capped by the container's room (2 ms)
    √ firing but no source can supply → blocked (2 ms)
    √ carrying units with the container FULL (room 0) → BLOCKED, not idle (2 ms)
    √ units in hand count toward the stock drive (no over-buying mid-restock) (2 ms)
  decideNeeds — priority across a creature's templates
    √ hunger (5) outranks provisioning (3) when both fire (2 ms)
    √ hunger idle → provisioning acts; nothing firing → null (1 ms)
  Sims-mode motives — rest and social (dollhouse §3)
    √ tired with a bed -> restAt the bed (preferred kind); no bed -> doze in place (4 ms)
    √ lonely with housemates around -> socialize with the nearest; alone -> blocked (2 ms)
    √ priorities: hunger > energy > provision > social (5 ms)
  round-2 basic needs — thirst, waste, hygiene
    √ thirst is hunger's shape over water: barrel first, then the well (1 ms)
    √ waste/hygiene REQUIRE their station — no toilet/tub means blocked, never 'in place' (1 ms)
  fun — get a toy out, SET IT OUT, and play at it (a temporary station)
    √ the template selects on the `play` AFFORDANCE, not a location (1 ms)
    √ bored with a toy in hand → SET IT OUT here (the toy becomes the play area) (1 ms)
    √ a play area already standing → GO AND JOIN IT (station before acquisition) (3 ms)
    √ …and joining beats setting out a second one, even with a toy in hand (3 ms)
    √ the NEAREST area wins (the ctx lists them nearest-first) (3 ms)
    √ bored, empty-handed, a toy lying loose → fetch it first (2 ms)
    √ bored, empty-handed, a toy in the box → open the box (storage acquire branch) (3 ms)
    √ bored but nothing to play with anywhere → blocked (surfaces, never a fidget at a fixture) (2 ms)
    √ below threshold → idle whatever's around (the lightest motive waits) (2 ms)
    √ a toy IN USE is not clutter — fun plays, tidy stays out of it (2 ms)
    √ THE TIDY EXEMPTION, one layer up: a toy SET OUT and in play is not clutter (4 ms)
    √ when the last player stops, the toy IS clutter again — tidy files it away (2 ms)
    √ once fun is satisfied the toy DOES become clutter — tidy puts it away (1 ms)
  tidy — the mess drive over loose clutter
    √ no clutter, nothing carried → idle (2 ms)
    √ clutter on the floor → pick the nearest loose unit up (2 ms)
    √ carrying clutter → bank it in the storage container (1 ms)
    √ clutter but no storage anywhere → blocked (surfaces, never crashes) (1 ms)
  capability + adoption — the pet is fed with ZERO petcare code
    √ hungry pet, empty bowl, no reachable branches → the want BLOCKS (the beg) (4 ms)
    √ a helper's adoption row: bowl empty → fetch from its own pantry → deposit ONE (2 ms)
    √ the fed pet's own walker eats what WAITS at the bowl (2 ms)
  derived stress (mood.ts) — the behavior-model invariants
    √ a fully-equipped household holds stress ~flat (11 ms)
    √ a stripped household CLIMBS toward visible distress (9 ms)
    √ pressure reads only PAST-threshold need levels (3 ms)
  the LIVELOCK INVARIANT — acquiring rows outrank deposit rows for their type
    √ empty-handed: only the adoption row fires (provision's stock is fine) (3 ms)
    √ carrying the taken unit: adoption KEEPS it — the bowl gets fed, not the chest (2 ms)
    √ the OLD priority (2.5) reproduces the spin — provision hijacks the carried unit (2 ms)
    √ bowl filled: the adoption row goes idle — no refill churn (2 ms)
  round-3 clothing — dress (equip), laundry (transform), stow
    √ worn clothes fresh → idle, whatever the wardrobe holds (5 ms)
    √ dirt at threshold → take a clean garment from the wardrobe (else buy one) (2 ms)
    √ clean garment in hand → EQUIP where you stand (the change of clothes) (2 ms)
    √ nothing clean anywhere → blocked (the want surfaces — never 'wear nothing') (1 ms)
    √ laundry fires on a CARRIED dirty garment (the just-doffed one) → to the tub (1 ms)
    √ the tub is REQUIRED: carrying dirty clothes with no bath → blocked (1 ms)
    √ dirty garments lying/banked (listed loose) → fetch one first (2 ms)
    √ no dirty clothes anywhere → idle (1 ms)
    √ stow banks a carried clean garment in the wardrobe (the washed one, a gift) (1 ms)
    √ stow also sweeps a clean garment off the floor (tidy skips clothing heads) (2 ms)
    √ THE CHAIN, walker-side: dress equips → laundry tubs the doffed unit → stow banks the washed one (2 ms)
    √ LIVELOCK INVARIANT: dress (3.2) outranks stow (2.8) and provision:clothing (3) (4 ms)
  the meal chain — cook (transform at the stove), prep (lay the place)
    √ a bill nothing has filled fires the cook: take ONE raw unit from the pantry first (1 ms)
    √ pantry dry → the cook BUYS raw at the market (the acquire fall-through) (1 ms)
    √ carrying raw → process it at the stove (2 ms)
    √ NO STOVE: blocked with EMPTY hands — never fetch what can't be processed (1 ms)
    √ NO RITUAL: the role resolves to nothing, so the cook row never fires at all (1 ms)
    √ THE BRAKE: the just-cooked meal in hand counts toward the drive (carriedOf) (2 ms)
    √ prep lays the carried meal (and a gift, and a floor meal via loose) (3 ms)
    √ a FILLED bill BLOCKS the prep row (no room) — the meal stays in hand and the want surfaces (2 ms)
    √ LIVELOCK INVARIANT: cook (3.3) outranks provision:food (3), sits under adoption (3.5) (1 ms)
    √ THE CHAIN, walker-side: cook takes raw → stove → the TYPE CHANGE hands to prep → the place (2 ms)
  blocked rows surface WITHOUT freezing the body
    √ a blocked HIGH row lets a servable LOW row act — and still reports the want (3 ms)
    √ nothing servable → the blocked row IS the decision (the genuinely stuck body) (1 ms)
    √ the surfaced want is the TOP blocked row, not merely the last one seen (2 ms)
    √ no blocked row at all → no `blocked` field (the ordinary case stays clean) (2 ms)
  banking a carried haul outranks comfort, never the acquirers
    √ the well haul banks BEFORE the nap (the barrel finally fills) (4 ms)
    √ the TRIP keeps its low priority — comfort still beats a shopping chore (2 ms)
    √ hunger/thirst still outrank the bank — a starving hauler serves itself first (3 ms)
    √ LIVELOCK INVARIANT survives the boost: adoption's carried unit is never hijacked (2 ms)
  the STOCKPILE rule — a trip to a source fills up, the pantry does not
    √ hungry, pantry empty, market reachable → buy the whole RESTOCK target, not one bite (4 ms)
    √ taking from your OWN pantry stays at one — it is already home (2 ms)
    √ the shelf bounds the haul — you cannot buy more than the market has (1 ms)
    √ the BAG bounds the haul — a bounded inventory is a bounded shopping trip (5 ms)
    √ a FULL bag: flag OFF still takes the one unit it came for (the anti-spin floor) (1 ms)
    √ no restock target (a headless caller that models no household) → the old single unit (1 ms)
    √ the restock row is capped by the bag too — the rest fires again next trip (2 ms)
  the HOUSEHOLD CLAIM — an empty pantry sends ONE shopper, not the family
    √ unclaimed / held by SELF → the trip goes ahead (1 ms)
    √ claimed by a HOUSEMATE → this body stands down (no second shopper) (2 ms)
    √ ⚠️ the claim gates the TRIP ONLY — a body already CARRYING always banks its load (1 ms)
    √ a NON-exclusive row ignores the claim entirely (1 ms)
  UNLOAD — a high priority to empty your hands, without a livelock
    √ holding an orphan unit → put it away (the deposit-while-carrying rule) (2 ms)
    √ empty-handed → idle: it is not a chore, it is a hands rule (1 ms)
    √ nowhere to put it → PUT IT DOWN, never a silent forever-carry (1 ms)
    √ ⚠️ STRUCTURALLY livelock-free: no acquire branch, so it can never take (2 ms)
    √ outranks the motives it should beat, and hunger still beats IT (3 ms)
  the DROP fallback - a graspless body can still end a carry
    √ no container at all -> put it down where you stand, NOT blocked (1 ms)
    √ a FULL container -> put it down rather than hold it forever (2 ms)
    √ a container with room still wins - storing beats dropping (1 ms)
    √ a row WITHOUT orDrop still blocks (the drop is opt-in, not universal) (1 ms)
  never pick up what you have nowhere to put - the loop guard
    √ empty-handed with NO destination -> blocked, never a pointless pickup (2 ms)
    √ with a destination it picks up as before (1 ms)

  console.log
    [dotenv@17.2.3] injecting env (49) from .env -- tip: 🔑 add access controls to secrets: https://dotenvx.com/ops

      at _log (node_modules/dotenv/lib/main.js:142:11)

PASS server/tests/world-engine/town-construction.test.ts
  TownDeltas: the overlay store
    √ mutate bumps the building rev and the store version (7 ms)
    √ JSON round-trip reproduces the identical delta-applied plan (11 ms)
    √ deltaIsEmpty / emptyDelta agree (6 ms)
  annexOptions: feasibility inside the candidate test
    √ a house with a free back garden offers rear candidates within the depth cap (3 ms)
    √ a neighbor pressed against the rear kills the rear candidates (2 ms)
    √ the annex cap closes the option list (4 ms)
  applyDelta: annexes join the plan, the base stays put
    √ the annex room exists, doored and reachable (finite depth) (4 ms)
    √ THE LIVING-ROOM INVARIANT: rooms[0] byte-equal to the base; untouched rooms keep their rects (4 ms)
    √ the annex rect sits flush past the footprint, inside the world (2 ms)
    √ furniture generates INTO a kitchen annex (the stove moves off the hearth wall) (21 ms)
  demolishRoom: what may come down, and what it says
    √ the living room refuses (1 ms)
    √ an unknown room refuses (1 ms)
    √ an annex demolishes by spec removal — the footprint shrinks back to base (3 ms)
    √ placed pieces in the demolished room come back as stowed stacks (2 ms)
  placed + stowed furniture through the generator
    √ a placed piece is seeded and the generated set fits around it (53 ms)
    √ a stowed generated piece never emits — and its anchored followers go with it (9 ms)
    √ removePlacedPiece hands the stack back (2 ms)
  determinism under deltas
    √ same delta rev returns the memoized identical plan; a bumped rev evicts and rebuilds equal (2 ms)
    √ placementFeasible agrees between a fresh context and a delta-applied one for annex rooms (18 ms)
  founding workshops: the optional room, seeded (construction v1)
    √ is deterministic, guarantees at least one carpenter, and raises a real workshop (33 ms)
    √ a restored session does not re-seed (the guard is the caller's config check) (2 ms)

  console.log
    [dotenv@17.2.3] injecting env (49) from .env -- tip: 🛠️  run anywhere with `dotenvx run -- yourcommand`

      at _log (node_modules/dotenv/lib/main.js:142:11)

PASS server/tests/world-engine/symbol-game-lang.test.ts
  English — wants, gives, possession
    √ states a want with an indefinite article (9 ms)
    √ declines with a definite article (2 ms)
    √ renders requests as imperatives (dative shift for pronouns) (3 ms)
    √ renders offers and refusals in first person, directed at the listener (2 ms)
    √ reads subject-less glyphs by PERSPECTIVE: NPC ask vs player offer (5 ms)
    √ conjugates possession by person and number (3 ms)
    √ reads an unknown-holder clue as a locative (2 ms)
  English — questions, states, fragments
    √ builds where-questions with number agreement (2 ms)
    √ builds the vendor greeting (2 ms)
    √ handles copulas, moods, and fixed phrases (4 ms)
    √ handles clue/locative/possessive/corrective shapes (2 ms)
    √ pluralizes MORE-quantified count nouns (2 ms)
    √ renders trade shapes and placement fragments (2 ms)
    √ renders placement wants with both complements (1 ms)
    √ renders building location clues ('in the blue house') in every ruleset (2 ms)
    √ glosses unknown symbols instead of crashing (2 ms)
  Hebrew — constructions and agreement
    √ states wants (indefinite, no את) (2 ms)
    √ declines with definite object + את (2 ms)
    √ uses the יש/אין ל־ possession construction (2 ms)
    √ renders requests as gendered imperatives (4 ms)
    √ conjugates the speaker's gender (a frog gives feminine) (2 ms)
    √ agrees adjectives with noun gender, number, definiteness (3 ms)
    √ builds questions and clue shapes (2 ms)
    √ renders trade shapes (1 ms)
  Spanish + Portuguese (shared romance ruleset) — spot checks
    √ Spanish: pro-drop, articles, contractions, ser/estar (2 ms)
    √ Portuguese: você-as-3rd, na/pela contractions, gendered thanks (2 ms)
  motive-driven needs — quality wants, sensations, causes, why
    √ renders a bare-quality want as 'something {quality}', not a fake noun (3 ms)
    √ renders the NEGATED copula — the self-care refusal lines (3 ms)
    √ renders the BORED condition and the play-command refusal (5 ms)
    √ renders hot/cold as EXPERIENTIAL, not a plain copula (2 ms)
    √ renders the two-clause causal line (want … because … cold) (2 ms)
    √ renders a connective-led fragment (the b-level 'because …') (2 ms)
    √ keeps the pronoun 'I' capital when a cause clause is embedded (2 ms)
    √ renders the WHY question the player asks (3 ms)
    √ renders an in_order_to purpose line as 'so that …' (1 ms)
  device-state lines (§5) — toggle states as agreeing predicates
    √ renders the device-state WANT ('I want the {device} {state}') (2 ms)
    √ renders the bare device-state copula ('The {device} is {state}') (3 ms)
    √ renders the device WHY answer (…because the generator is off) (2 ms)
    √ renders a bare state glyph at level a (4 ms)
  motive batch — stay/escort/preferences/desires/spoilage/categories
    √ renders the stay-with ask as a proper imperative (2 ms)
    √ renders 'I am lonely' and the stay WHY answer (2 ms)
    √ renders the stay-done thanks as a fixed phrase (1 ms)
    √ renders the escort ask ('Take me to the bear') (2 ms)
    √ renders 'I am hungry' experientially + the food want (3 ms)
    √ renders preferences: 'I like cookies' / 'I like red' (5 ms)
    √ renders desires: want + infinitive ('I want to play/read/get dressed') (4 ms)
    √ renders the category wants (toy/book/clothes) (2 ms)
    √ renders spoilage as a smell verb + the garbage placement (4 ms)
  locale resolution
    √ resolves regions and falls back to English (1 ms)
    √ passes plain prose through untouched (non-glyph prompts) (1 ms)
  round-2 motives — thirst, hygiene, the waste need, tidy refusal, stress
    √ renders the thirst condition + refusal (experiential in es/pt: sed/sede) (2 ms)
    √ renders the hygiene condition + wash refusal (1 ms)
    √ speaks the waste motive as the NEED it is — 'I need the bathroom' (1 ms)
    √ answers the tidy command on a clean room — 'the house is clean' (1 ms)
    √ renders the derived-stress condition (visible fraying → 'I'm sad') (1 ms)
    √ answers the wear command on fresh clothes — 'the clothes are clean' (3 ms)
    √ names garments and their dirty state variants (2 ms)
  pronoun objects — object case, clitics, dative government
    √ English renders pronoun objects in object case, no article (2 ms)
    √ English keeps pronoun complements in tails and where-questions (1 ms)
    √ Hebrew uses אות־ object pronouns and dative government for help (2 ms)
    √ Spanish renders pronoun objects as preverbal clitics (3 ms)
    √ Portuguese renders pronoun objects as clitics with overt subjects (4 ms)
  proper nouns — names in fact answers
    √ English: no article, capitalized (2 ms)
    √ Hebrew: no definite ה, adjectives agree with the bearer's gender (1 ms)
    √ Spanish/Portuguese: no article, gendered agreement (2 ms)
  going — where-going asks, answers, and travel commands
    √ the where-going ask reads 'Where are you going?' in every ruleset (3 ms)
    √ the going answer is first person progressive with destination idioms (7 ms)
    √ a 'you' subject is the travel command; a named subject is third person (2 ms)
    √ want + go stays the infinitive want (2 ms)
  ⑫ direct address — a name in front of a sentence
    √ renders as a vocative in every ruleset, and the clause is unchanged behind it (2 ms)
    √ the clause behind it is EXACTLY the sentence it would have been alone (2 ms)
    √ a BARE name is a greeting, not an address — nothing follows it to address (1 ms)
    √ only a PROPER NAME addresses — an ordinary noun is left where it stands (2 ms)
    √ a name that is not in the book is not a vocative (2 ms)
    √ 🚨 UNMARKED, IT IS NEVER GUESSED — the third-person reading is preserved (2 ms)
    √ a proper noun right after the comma keeps its capital (2 ms)
    √ English 'I' keeps its capital after the comma (2 ms)
    √ still composes with a trailing manner word (4 ms)
  where-is — the single-glyph thing-focus ask
    √ a bare questioned noun asks where it is (2 ms)
    √ the builder word 'where' aliases onto the registry question form (2 ms)
  one vocabulary — LEXICON-derived symbols render with grammar, not gloss
    √ activity verbs frame as proper SVO sentences (2 ms)
    √ activity denials read as proper negations (the what-doing premise fix) (1 ms)
    √ derived attributes take the copula frame (1 ms)
    √ explicit outbound readings still WIN over the derived lexicon (1 ms)
    √ want + verb reads as the want-to construction (1 ms)
  near / next_to — the proximity pair speaks in every ruleset
    √ frames as a proper placement sentence, not a gloss (2 ms)
    √ next_to renders as the ADJACENT phrase, distinct from near in every ruleset (2 ms)
    √ the verbless fragment reads as a LOCATIVE clue (like in/on), never a directional dash (3 ms)
    √ under / behind / in_front_of frame as proper placement sentences in every ruleset (3 ms)
    √ their verbless fragments read as LOCATIVE clues too (2 ms)
    √ a Hebrew preposition fuses only its CLITIC letter (2 ms)
    √ the placement ANNOUNCEMENT carries the anchor through the going-to future (2 ms)
  MANNER — an adverbial that modifies HOW, in every frame and language
    √ appends to a plain clause, inside the sentence punctuation (2 ms)
    √ survives a NEGATED clause — the no-gathering line (2 ms)
    √ survives an INFINITIVE frame (want + to + V) (1 ms)
    √ a BARE manner word is still just the word — never an empty clause (1 ms)
    √ a 'we' subject conjugates as FIRST PERSON PLURAL in the romance rulesets (2 ms)

  console.log
    [dotenv@17.2.3] injecting env (49) from .env -- tip: ⚙️  write to custom object with { processEnv: myObject }

      at _log (node_modules/dotenv/lib/main.js:142:11)

PASS server/tests/world-engine/nations-tidings.test.ts
  the political voice renders in every shipped ruleset
    √ the taboo refusal is a real sentence in all four — the P2 flagship line (6 ms)
    √ the partner's honest refusals speak in all four — the ⑤ barter lines (4 ms)
    √ 🚨 OUR OWN refusal speaks in all four too (economy-arc G1's mirror) (17 ms)
    √ no political glyph leaks untranslated into a non-English locale (19 ms)
    √ every level of every tiding renders as a non-empty, glyph-free string (12 ms)
  macro events carry their CAUSE (law #6 — visible causation)
    √ embargo and union are the SAME frame with one word flipped (4 ms)
    √ the middle level keeps its SUBJECT — never an inverted request (3 ms)
    √ tribute states its DIRECTION — the shipped standing pull flows inward (5 ms)
    √ level a never puts the forbidden verb in a child's mouth as a command (4 ms)
  a blockade thins the shelf (the SEE half)
    √ no inbound route ⇒ full shelf: an unconnected village cannot be embargoed (2 ms)
    √ the shelf thins by the SHARE of paused routes, and empties when all stop (2 ms)
    √ settled history doesn't count — only routes that could still run (1 ms)

  console.log
    [dotenv@17.2.3] injecting env (49) from .env -- tip: 👥 sync secrets across teammates & machines: https://dotenvx.com/ops

      at _log (node_modules/dotenv/lib/main.js:142:11)

PASS server/tests/world-engine/place-art.test.ts
  place art matches the specs it copies
    √ every room program, structure program and catalogue row is covered (5 ms)
    √ no row drifts from the spec that authors it (8 ms)
    √ a word that names both a room and a building draws the BUILDING (2 ms)
    √ every table row is a place word one of the two vocabularies names (3 ms)
    √ the split senses each draw their own picture (4 ms)
    √ a place word the AAC also carries is exposed to the AI by KEY (3 ms)
    √ every exemption has its own registry art, so nothing renders as ❓ (2 ms)
  every place word actually renders
    √ resolves as a bare word — the form that travels in speech and sentences (7 ms)
    √ draws a shell with a fixture in it (or a bare shell) (14 ms)
  the session overlay (swapped catalogue / authored culture)
    √ a culture that bathes together flips the shell, not the program (2 ms)
    √ a registration overrides a default row for that session (4 ms)
    √ a catalogue row registers its own art from its own spec (3 ms)

  console.log
    [dotenv@17.2.3] injecting env (49) from .env -- tip: 🔐 encrypt with Dotenvx: https://dotenvx.com

      at _log (node_modules/dotenv/lib/main.js:142:11)

PASS server/tests/world-engine/world-engine-structures.test.ts
  structures — geometry
    √ pointSegmentDistance clamps to the segment endpoints (3 ms)
    √ a wall makes points within thickness/2 + radius impassable (4 ms)
  walls block movement
    √ an avatar cannot cross a wall (7 ms)
  doors
    √ a closed door blocks until a body walking through it declares the crossing (16 ms)
    √ shuts again once the body is no longer crossing it (12 ms)
    √ ignores a body that merely walks past the opening (10 ms)
    √ opens BEFORE the body reaches the leaf, so a crossing never stalls (2 ms)
    √ does not shut on a body standing in the doorway (8 ms)
    √ refuses to open for a body that cannot open doors (14 ms)
    √ setDoorOpen pins a door open with nobody near, and releases it (9 ms)
    √ setDoorOpen cannot open a LOCKED door (4 ms)
    √ a locked door stays solid even for a crossing body; unlockDoor lets it open (14 ms)
    √ carrying the key through unlocks + opens a locked door (9 ms)
    √ opens BOTH leaves of one doorway, so a room boundary is really passable (24 ms)
    √ does not turn the lock for a key carried past a door it isn't crossing (8 ms)
  structures — schema
    √ accepts a valid wall + door (7 ms)
    √ rejects a degenerate segment (3 ms)
    √ rejects a door whose keyObjectId is not a carryable object (2 ms)
    √ rejects a structure id that collides with an object id (2 ms)

  console.log
    [dotenv@17.2.3] injecting env (49) from .env -- tip: 👥 sync secrets across teammates & machines: https://dotenvx.com/ops

      at _log (node_modules/dotenv/lib/main.js:142:11)

PASS server/tests/world-engine/town-move-in.test.ts
  moveInStep — the immigration rule
    √ admits a household into a finished empty house on surplus (5 ms)
    √ does NOT admit during famine (food shortage past the gate) (2 ms)
    √ admits AT the gate boundary (shortage == max is still livable) (6 ms)
    √ never admits into an unfinished house (2 ms)
    √ never admits into a work-role structure (1 ms)
    √ is oldest-first and one household per tick (a trickle, not a flood) (3 ms)
    √ is deterministic — same store, same signals, same admission (4 ms)
  moveInStep — the PUSH term (a migrant needs somewhere to be leaving)
    √ 🚨 A FED TOWN WITH A FINISHED EMPTY HOUSE ADMITS NOBODY when nowhere is worse (2 ms)
    √ admits the moment a real distress appears somewhere else (2 ms)
    √ a push UNDER the floor is nobody uprooting (2 ms)
    √ BOTH halves gate — a pushed migrant still will not walk into a famine (2 ms)
  the household fact — serialization
    √ admitHousehold is idempotent and bumps the version once (1 ms)
    √ rides toJSON → createTownDeltas round-trip (6 ms)
  materialization — the plan row
    √ an EMPTY founded house stays a work row (the ①b behavior) (3 ms)
    √ a HOUSEHOLDED founded house becomes a real plan.houses row (2 ms)
    √ foundedHouseRow indexes max+1, never colliding past base-index gaps (2 ms)
    √ buildTownPlay raises the household on rebuild (zero-pop founded site) (107 ms)

  console.log
    [dotenv@17.2.3] injecting env (49) from .env -- tip: ⚙️  enable debug logging with { debug: true }

      at _log (node_modules/dotenv/lib/main.js:142:11)

PASS server/tests/world-engine/town-zoning.test.ts
  charter lifecycle + serialization (the TownDeltas pattern)
    √ addZone assigns monotone ords, bumps the version, survives toJSON round-trip (7 ms)
    √ overlap rule: the LATEST charter covering a point wins; clearing (null) reads unzoned (3 ms)
    √ category vocabulary: a spec answers to its type AND its economy district (2 ms)
    √ charters ride the founding seam (siteTownConfig → buildTownPlay replay) (42 ms)
  the founding filter (foundingOptions × charters)
    √ unzoned ground stays permissive: no charters ⇒ byte-identical enumeration (4 ms)
    √ a slot inside a zone only admits the zone's category (blocked ground never enumerates) (2 ms)
    √ zone-compatible slots are PREFERRED (match-first) over open ground (4 ms)
    √ the manual-override refusal is NAMEABLE: zoned-out ground identifies its category (2 ms)
    √ candidateInZone follows the overlap rule (a painted-over zone governs no ground) (2 ms)
  zone-steered auto-expansion (foundingGrowthStep)
    √ prosperity banks (capped) and a crossed threshold founds INSIDE the zone, spending yard stock (5 ms)
    √ an unzoned CONTENT town never auto-founds — need is the license, open ground never sprawls at rest (9 ms)
    √ a STRANDED QUARTER founds its market on open ground — service deficit is a real need (needs-aware districts) (3 ms)
    √ a MILD service deficit never sprawls open ground — below the real-need floor it banks like any comfort want (6 ms)
    √ URGENT need founds WITHOUT charters or a banked threshold — a homeless camp raises a house on open ground (city-founding) (5 ms)
    √ a REAL shortage founds the producer on open ground; real-but-calm need waits for the bank (8 ms)
    √ structure choice is NEED-DRIVEN: crowding raises houses, food shortage raises farms (4 ms)
    √ the economy cap gates (the pasture-charter pattern: count < by × rate) (2 ms)
    √ missing yard stock halts growth honestly (banking continues) (5 ms)
    √ deterministic replay: the same serialized store grows the same building (9 ms)
  need scoring stays data-driven off the catalog + economy rows
    √ houses score crowding; sellers score their commodity's shortage; the rest the flat default (6 ms)
  area shape backends (nations §3c — selection, not drawing)
    √ a 'town' row never binds ground — zoneAt skips it; preferences accumulate and clear (5 ms)
    √ 'over' repaints EXACTLY the referenced district's ground — chains, then clears (7 ms)
    √ shape rows survive the toJSON round-trip (3 ms)
    √ legacy stores (discs only) behave byte-identically (3 ms)
  town preference steers growth (laws steer, need builds)
    √ a preferred category rises at rest on OPEN ground once banked — a license, not a ground charter (4 ms)
    √ clearing the preference returns the content town to rest (never sprawls) (8 ms)

  console.log
    [dotenv@17.2.3] injecting env (49) from .env -- tip: ⚙️  load multiple .env files with { path: ['.env.local', '.env'] }

      at _log (node_modules/dotenv/lib/main.js:142:11)

PASS server/tests/world-engine/furniture-anchor-sim.test.ts
  claimed collision hands off to the anchor and eases the body ONTO the use point
    √ bed (facing 0.00): body slides to the use point and anchors (6 ms)
    √ bed (facing 1.57): body slides to the use point and anchors (2 ms)
    √ toilet (facing 0.00): body slides to the use point and anchors (2 ms)
    √ toilet (facing 1.57): body slides to the use point and anchors (2 ms)
    √ chair (facing 0.00): body slides to the use point and anchors (2 ms)
    √ chair (facing 1.57): body slides to the use point and anchors (2 ms)
    √ a solid bed's use point is UNREACHABLE by a steered walk, yet the anchor's interpolation lands ON it (7 ms)
  engagement triggers at the arrival spot — covers a use-leg's spread and nothing more
    √ bed: a body parked a use-leg tolerance past its arrival spot still anchors (10 ms)
    √ bed: a claiming body far outside the arrival spot is NOT snatched onto the piece (14 ms)
    √ toilet: a body parked a use-leg tolerance past its arrival spot still anchors (7 ms)
    √ toilet: a claiming body far outside the arrival spot is NOT snatched onto the piece (19 ms)
    √ chair: a body parked a use-leg tolerance past its arrival spot still anchors (7 ms)
    √ chair: a claiming body far outside the arrival spot is NOT snatched onto the piece (13 ms)
  the fixture stays fully solid to bodies that have NOT claimed it
    √ a body with no claim never anchors and cannot reach the bed centre (82 ms)
    √ the claiming body sitting on the centre does NOT make the fixture walkable for anyone (31 ms)
  dismount lands the body on a validated spot — every exit path, every placement
    √ need satisfied (activity cleared while anchored) → slides out to a valid side (27 ms)
    √ a toilet dismount lands on its front (its only use side) (17 ms)
    √ a bed with a WALL behind the headboard dismounts to a long side / the foot (17 ms)
  an interruption mid-use exits through the validated dismount
    √ commanded away DURING the slide-in → releases and lands on a valid side (10 ms)
    √ dismountSpot itself always returns an outside-the-collider, use-side point (27 ms)
  an anchored body is held out of the separation pass (never shoved off its fixture)
    √ isFurnitureAnchored gates it out, and it does not move under separateBodies (23 ms)
    √ after dismount the body rejoins the pass (isFurnitureAnchored false) (14 ms)
  __questLab_pose() ground truth: anchored bodies read delta ≈ 0 in the pose dump
    √ bed / chair / toilet all sit dead-on their use point (planar + yaw ~0) (22 ms)

  console.log
    [dotenv@17.2.3] injecting env (49) from .env -- tip: 🔐 prevent committing .env to code: https://dotenvx.com/precommit

      at _log (node_modules/dotenv/lib/main.js:142:11)

PASS server/tests/world-engine/rituals.test.ts
  the call — strong declares, weak only joins
    √ a strong call declares the ritual (30 ms)
    √ a WEAK call alone never declares one (no window) (7 ms)
    √ but a weak call JOINS one already declared — the housemate who isn't hungry (7 ms)
    √ a body below every call level is neither caller nor joiner (8 ms)
    √ INELIGIBLE bodies never take part — the pet whose hunger eats at its bowl (10 ms)
  the culture window — it LOWERS THE BAR, it never summons
    √ outside the window only a strong call declares (8 ms)
    √ INSIDE it a weak call is enough — you come to the table because it is suppertime (8 ms)
    √ a window still never fires a ritual nobody has any call on (9 ms)
    √ a wrapping window spans midnight (8 ms)
    √ NO window means always — never 'never' (18 ms)
  the roster and the bill
    √ the bill is per head — cook for who is coming, not for a cupboard (6 ms)
    √ a ritual with nothing to prepare bills nothing (5 ms)
    √ recruiting RESIZES the bill — a joiner gets a portion cooked (11 ms)
    √ the roster stops at maxHeads (7 ms)
    √ and at the STATION CAPACITY — a table with two chairs seats two (8 ms)
  gather → perform
    √ waits while the food isn't ready, even with everyone seated (17 ms)
    √ waits while a head is still walking, even with the table laid (12 ms)
    √ STARTS when the bill is met and every head is seated (7 ms)
    √ a lone head still lays a place and eats — minHeads 1 is 'may be performed alone' (9 ms)
    √ minHeads 2 refuses to start solo — some things you cannot do alone (6 ms)
  THE DEADLINE — one slow housemate must never starve the table
    √ starts with whoever is actually seated once gatherS lapses (19 ms)
    √ feeds only as many as the portions that ARRIVED — two of three still eat (7 ms)
    √ RETIRES when the deadline finds nothing prepared — never wedges waiting (11 ms)
    √ a ritual with nothing to prepare starts on its heads alone (8 ms)
  performing, and leaving
    √ runs for performS, then COMPLETES its heads — their relieved meters clear (8 ms)
    √ a body that walked out mid-meal gets NO relief (6 ms)
    √ a head that leaves during the GATHER shrinks the roster and the bill (8 ms)
    √ losing the last head retires it — no empty ritual holding a table (7 ms)
    √ dropping below minHeads mid-performance retires it (9 ms)
  the culture table
    √ ships a meal and a play ritual (9 ms)
    √ no declaration = the kernel defaults (8 ms)
    √ an authored row REPLACES a same-key default IN PLACE (order is meaning) (15 ms)
    √ a new key APPENDS (9 ms)
    √ resolving never mutates the defaults (10 ms)
  an invitation is a per-body window
    √ lets a WEAK call declare — the housemate who was asked along (12 ms)
    √ does NOT let a body with no call at all declare one out of nothing (9 ms)
    √ is never a summons: an INELIGIBLE body stays out however it was asked (6 ms)
    √ lets a body with NO call JOIN — 'I'm not hungry, but I'll sit with you' (11 ms)
    √ still obeys the roster bounds — an invitation cannot overfill a table (10 ms)
  ritualAnswer — one decision, spoken and acted on alike
    √ CALLS one when there is none and the bar is cleared (15 ms)
    √ DECLINES when there is nowhere to gather (9 ms)
    √ JOINS one already gathering (8 ms)
    √ a body already on the roster answers JOIN — it is already coming (6 ms)
    √ DECLINES once the performance has begun — late means the next one (15 ms)
    √ DECLINES when the roster is full (7 ms)
    √ DECLINES an ineligible body — the answer and the attendance agree (7 ms)

  console.log
    [dotenv@17.2.3] injecting env (49) from .env -- tip: ⚙️  override existing env vars with { override: true }

      at _log (node_modules/dotenv/lib/main.js:142:11)

PASS server/tests/world-engine/rest-goal-speech.test.ts
  a NAMED station makes a posture verb a `rest`
    √ 'sleep + in + bed' rests AT the bed — the station is not dropped (30 ms)
    √ 'sit + on + chair' rests at the chair (the relation binds the target) (13 ms)
    √ a BARE second noun is the station too — 'rest + bed', 'sit + chair' (21 ms)
    √ every LOCATIVE names a station, not just in/on (18 ms)
    √ the goal carries NO pose and NO dwellS — the fixture and the command default say those (16 ms)
    √ the addressed creature is the actor (9 ms)
    √ a NAMED BODY is a station too — its own spot ('sit next to Mara') (9 ms)
  bare posture verbs are UNCHANGED — still the self-need
    √ 'you + sleep' / 'you + sit' / 'you + rest' compile to satisfy, exactly as before (18 ms)
    √ a kind-blind binder does not invent a station out of nothing (16 ms)
  COMPANY outranks the station — a shared act stays a shared satisfy
    √ 'sleep + together' is the group need (a rest carries no companion) (16 ms)
    √ 'sleep + with + mara' names the companion — `with` is never a place (20 ms)
    √ station AND company → the shared need, because only it can serve the person (7 ms)
  a rule's anaphora never borrows a station
    √ 'when + night + sleep' stays a bedtime rule, not a sleep AT the night (18 ms)
    √ a rule CAN still install a station rest when the sentence names one (25 ms)
  the obeying creature can SAY a rest back
    √ 'sleep in the bed' echoes as the ACT the station serves (30 ms)
    √ every station a spoken rest can name produces a line (never silence) (22 ms)
    √ the echo is the INTENT syntax, not the order's imperative (12 ms)
  `share` compiles like the give family (L8)
    √ 'share + apple + mara' hands the apple to Mara (17 ms)
    √ an explicit 'to' reads the same — the frame's intrinsic endpoint (15 ms)
    √ no recipient → the SPEAKER, exactly as 'give + apple' does (21 ms)
    √ a place recipient stays containment, like give/bring (17 ms)
  `teach` stays UNBOUND — no primitive means it
    √ 'teach + mara' is the explicit not-understood, never a guess (18 ms)
    √ 'show + ball + mara' compiles to the attention act, and STILL never a give (22 ms)

  console.log
    [dotenv@17.2.3] injecting env (49) from .env -- tip: 🔄 add secrets lifecycle management: https://dotenvx.com/ops

      at _log (node_modules/dotenv/lib/main.js:142:11)

PASS server/tests/world-engine/world-engine-drag.test.ts
  DragSampler (engine)
    √ FREE-GROUND LAW: a ×1 sampler is byte-identical to no sampler (70 ms)
    √ a half-stride zone slows ground covered — velocity keeps the intent (41 ms)
    √ the clamp: a zero/negative sampler wades, never freezes; >1 never hastens (28 ms)
  RESERVED GROUND (city-founding construction sites)
    √ a drop aimed inside a reserved lot lands just past the nearest edge (8 ms)
    √ drops OUTSIDE the lot, and every drop with nothing reserved, land exactly where aimed (15 ms)
    √ reserved ground never slows or blocks a body walking across it (67 ms)

  console.log
    [dotenv@17.2.3] injecting env (49) from .env -- tip: 🔐 prevent committing .env to code: https://dotenvx.com/precommit

      at _log (node_modules/dotenv/lib/main.js:142:11)

PASS server/tests/world-engine/place-embed.test.ts
  embedPuzzle — a puzzle housed in a procedural place
    √ produces a layout that PASSES goal-tree validation on the transformed world (135 ms)
    √ houses every puzzle zone in a distinct room, entrance = the living room (55 ms)
    √ gates only the prize, on a plausibly-lockable door, with a diegetic reason (39 ms)
    √ keeps every helper freely reachable and the transformed world connected (18 ms)
    √ raises ONE contiguous house that expands into a valid world spec (40 ms)
    √ is deterministic — same seed embeds identically (26 ms)
    √ returns null when the place is too small for the puzzle (28 ms)

  console.log
    [dotenv@17.2.3] injecting env (49) from .env -- tip: ⚙️  override existing env vars with { override: true }

      at _log (node_modules/dotenv/lib/main.js:142:11)

PASS server/tests/world-engine/town-construction-blocks.test.ts
  the chain as data (products / freight / costs)
    √ wood and stone refine into blocks at the declared ratio (32 ms)
    √ the site-yard vocabulary spans the WHOLE chain (9 ms)
    √ the freight value law holds for the worked-wood rung (13 ms)
    √ every catalog cost is a block bill; furniture consumes blocks; toys keep raw wood (25 ms)
    √ the storehouse is a default catalog row — store program, no staff (7 ms)
    √ the seeded yard affords a house through the chain (8 ms)
  withRefinableCredit — chain-aware affordability
    √ credits raws at their milled value, facted variants included (8 ms)
    √ existing blocks and credit stack (10 ms)
  spendCostsChain — the twin's implicit mill
    √ spends blocks first, then mills raws at the ratio (11 ms)
    √ refuses (and spends nothing) when even the chain can't cover (14 ms)
  the REFINE order — one lifecycle, one ordinal sequence
    √ posts into the one sequence beside foundings, aliased by its view (56 ms)
    √ walks gather → stage → labor → done exactly like a costed room (14 ms)
    √ a committed refine's ordinal is NEVER reused — not live, not across a reload (10 ms)
    √ round-trips byte-stably through the one `orders` field (11 ms)
  legacy wood-cost rows keep working (no migration, no rename)
    √ a pre-phase-3 save's wood bill stages off wood exactly as before (14 ms)
    √ a block pile pays a block bill through the head, any material (7 ms)
  foundedProgress — the wall-course driver
    √ mirrors foundedStage's arms as a raw fraction (11 ms)

  console.log
    [dotenv@17.2.3] injecting env (49) from .env -- tip: ⚙️  specify custom .env file path with { path: '/custom/path/.env' }

      at _log (node_modules/dotenv/lib/main.js:142:11)

PASS server/tests/world-engine/symbol-game-goal-selection.test.ts
  needToGoal — a creature pursues its own needs
    √ maps possession → fetch, presence → goTo, device → toggle (10 ms)
    √ a loose (predicate) need fetches by match, not by id (2 ms)
    √ FETCH-FIRST: a hold-requiring need acquires the resource before delivering it (3 ms)
  selectGoal — the shopping errand EMERGES from need + inventory (§8.1b)
    √ not holding the resource → the goal is to FETCH it (walk to the market) (3 ms)
    √ holding the resource → the goal flips to carry it home (putIn), no market trip (1 ms)
  cannotLeavePost — the thin puzzle-safety flag (§8)
    √ a flagged creature does NOT pursue its own need (stays at post, idle) (7 ms)
    √ but a flagged creature STILL obeys rules (the flag scopes only self-needs) (3 ms)
  selectGoal — the weighted contest (rules are not law)
    √ a BONDED creature obeys 'when night go home' over idle (2 ms)
    √ a WILD creature ignores the same rule and pursues its own need (2 ms)
    √ a DRONE weighs a stranger's rule at FULL priority (obedience floor removes the penalty) (4 ms)
    √ the rule drops out by day (while-condition false) → back to idle/needs (5 ms)
    √ HARD TIER: an active conversation partner outranks any rule (2 ms)
    √ HARD TIER: a survival-level need wins outright over a strong rule (3 ms)
    √ an URGENT rule outranks an ordinary need (still compliance-scaled) (4 ms)
  stepRuleLifetime — while / edge / until
    √ while — active exactly while the condition holds (1 ms)
    √ edge — fires on the rising edge, latches, then cools down after goalDone (2 ms)
    √ until — active until the condition becomes true, then self-removes (2 ms)
  compileGoal — the world adapter
    √ goHome → a single moveTo the home point (2 ms)
    √ fetch → moveTo the item then pick it (3 ms)
    √ give → acquire the item first, then carry it to the recipient (3 ms)
    √ give skips the pickup leg when the actor already holds the item (2 ms)
    √ give refuses when someone ELSE holds the item (not snatchable) (3 ms)
    √ putIn → acquire the item, then carry it to the container (1 ms)
    √ toggle → moveTo the device then toggle it (1 ms)
    √ returns null when the target can't be resolved (world falls back to idle) (2 ms)
    √ build is not a body errand → null (civ-scope world order) (2 ms)

  console.log
    [dotenv@17.2.3] injecting env (49) from .env -- tip: 👥 sync secrets across teammates & machines: https://dotenvx.com/ops

      at _log (node_modules/dotenv/lib/main.js:142:11)

PASS server/tests/world-engine/conversation-bounds-n.test.ts
  conversationBoundsN — a group into a frame
    √ centres on the BOUNDING BOX of every visible member (not the first two) (4 ms)
    √ spans the box DIAGONAL plus margin, so the extremes are not on the edge (2 ms)
    √ frames FIVE members — every one of them inside the span (2 ms)
    √ a member JOINING can only widen the frame, never narrow it (2 ms)
    √ floors at CONV_MIN_SPAN — a tight huddle is never a face close-up (2 ms)
    √ ONE visible body (the formless spirit's partner) frames that one person (7 ms)
    √ no visible bodies at all yields the minimum window, never NaN (1 ms)
    √ is NEVER wider than the base frame, at any group size or spread (5 ms)
    √ a house smaller than the minimum span keeps its own frame (2 ms)
    √ ignores member ORDER — the same roster frames the same way (2 ms)
  the 2-arg wrapper is the 2-point call
    √ returns IDENTICAL numbers for every pair (not merely close) (2 ms)
    √ …in both argument orders — a pair's box does not care which is first (3 ms)
    √ the pair's box DIAGONAL is exactly their separation (why the wrapper holds) (2 ms)

  console.log
    [dotenv@17.2.3] injecting env (49) from .env -- tip: ⚙️  override existing env vars with { override: true }

      at _log (node_modules/dotenv/lib/main.js:142:11)

PASS server/tests/world-engine/surface-prop-carry.test.ts
  a meal shown ON a table cannot be lifted
    √ carryObject REFUSES it — the silent no-op the pursuit kept re-deriving (15 ms)
    √ …and it stays on the table: a refused pick changes NOTHING to re-plan against (4 ms)
    √ the very same food LOOSE on the floor is taken first try — the asymmetry seen live (5 ms)
  the WALK was never the problem — the approach already lands beside the table
    √ the meal's own spot is unstandable (it reports the table's centre) (4 ms)
    √ the approach nudges to clear ground just off the table's edge (5 ms)
  UNSHELVING — the conversion that makes the reach succeed
    √ re-registering under the SAME id keeps the object's identity — a plan that named it still holds (4 ms)
    √ the reach then SUCCEEDS, and the meal leaves the surface (7 ms)
    √ the table is left free to be served again (the conversion consumed the slot, not the table) (4 ms)

  console.log
    [dotenv@17.2.3] injecting env (49) from .env -- tip: 🔐 prevent building .env in docker: https://dotenvx.com/prebuild

      at _log (node_modules/dotenv/lib/main.js:142:11)

PASS server/tests/world-engine/symbol-game-object-properties.test.ts
  propertiesOf — spec-derived, never board-authored
    √ reads furniture from the STATION registry (10 ms)
    √ DERIVES `openable` from the station rows' own flag, not a second list (4 ms)
    √ reads food/clothing from the GOODS kinds, through state facets (2 ms)
    √ reads the taught vocabulary from the POOLS and the category map (2 ms)
    √ returns properties in a stable board order, deduped (2 ms)
    √ core engine concepts are EXEMPT — no spec, no properties, by design (4 ms)
  conformance — every concrete noun is filable
    √ no spec'd thing reaches the board untagged (4 ms)
    √ every FURNITURE kind is too large for a pocket (the size registries agree) (2 ms)
    √ every station kind declares what it is (6 ms)
    √ ConceptDef carries the same properties the joiner derives (3 ms)
  PROPERTY_FOR_VERB — the §3.1 sub-tab pre-load
    √ maps real LEXICON verbs onto real properties (5 ms)
    √ every pre-loaded property actually has members (no empty sub-tab) (3 ms)
  surfaceNext — the verb pre-loads its property group
    √ names the sub-tab the verb wants (8 ms)
    √ ranks the property group ABOVE the noun's own affordance list (4 ms)
    √ a destination slot pre-loads containers ('put the ball in …') (5 ms)
    √ stays context-blind — the same tokens give the same board, always (4 ms)
  descriptor axes — typed, never one flat adjective list
    √ food talks temperature before possession; buildings the reverse (6 ms)
    √ SCOPE-BREADTH LAW: places possess at every scale and settlements FEEL (2 ms)
    √ creatures lead with the need axes (hungry before big) (2 ms)
    √ every property binds ≥1 axis and every axis names ≥1 word (3 ms)
    √ the speakable axis words really are LEXICON attributes (2 ms)

  console.log
    [dotenv@17.2.3] injecting env (49) from .env -- tip: ⚙️  override existing env vars with { override: true }

      at _log (node_modules/dotenv/lib/main.js:142:11)

PASS server/tests/world-engine/conversation-membership.test.ts
  createConversation — an empty floor
    √ starts with no members, no history and the clock at the birth tick (4 ms)
  joinConversation — idempotent by law
    √ adds a member with its own level and the default engagement (2 ms)
    √ honors an explicit engagement (2 ms)
    √ keeps a per-member level — members do not share a rung (2 ms)
    √ re-joining returns the EXISTING member and never resets its level (2 ms)
    √ re-joining never resets shared state (4 ms)
  member order is deterministic — (joinedTick, id)
    √ sorts out-of-order joins by tick (3 ms)
    √ breaks a same-tick tie by id, whatever order the joins arrive in (2 ms)
    √ a later joiner lands at the end, a back-dated one in the middle (2 ms)
  leaveConversation — never destroys what others are using
    √ removes the member and keeps the rest of the roster ordered (2 ms)
    √ drops every pair memo INVOLVING the leaver, on either side (1 ms)
    √ keeps history, context and revealed — they belong to the conversation (1 ms)
    √ a leaver's own reveal survives them (everyone present heard it) (1 ms)
    √ does not bump lastActivityTick (1 ms)
    √ leaving twice, or leaving when never joined, is a no-op (1 ms)
  history ring — capped at HISTORY_CAP
    √ caps at 16, evicting the OLDEST and keeping the newest last (2 ms)
    √ holds exactly the cap without evicting (1 ms)
  conversationIdle — the boundary
    √ is live before the ttl, expired AT it and after (2 ms)
    √ defaults to DEFAULT_IDLE_TTL (3 ms)
    √ an utterance restarts the clock (1 ms)
    √ a late-arriving older utterance never rewinds the clock (2 ms)
  pairMemo — get-or-create, directional and isolated
    √ creates an empty memo and returns the SAME object next time (2 ms)
    √ a quote to one asker is invisible to another (2 ms)
    √ is directional — owner>asker is not asker>owner (2 ms)
    √ does not require either party to be a member (the host owns admission) (1 ms)

  console.log
    [dotenv@17.2.3] injecting env (49) from .env -- tip: ⚙️  enable debug logging with { debug: true }

      at _log (node_modules/dotenv/lib/main.js:142:11)

PASS server/tests/world-engine/town-kernel-pins.test.ts
  street kernel prefix stability (the grand-dream canonical pin)
    √ a bigger town runs the SAME event stream further — slots are a byte-identical prefix (77 ms)
    √ every small street survives verbatim: same id order, same parent, pts a prefix (68 ms)
    √ links grow as a superset in event order (the loops overlay inherits the contract) (43 ms)
    √ same inputs are byte-identical across independent calls (43 ms)

  console.log
    [dotenv@17.2.3] injecting env (49) from .env -- tip: 🔐 encrypt with Dotenvx: https://dotenvx.com

      at _log (node_modules/dotenv/lib/main.js:142:11)

PASS server/tests/world-engine/town-build-orders.test.ts
  order → goal: the sentence compiles to the build GoalSpec
    √ "build house" compiles to { kind: "build", structure: "house" } (6 ms)
  the full pooled lifecycle: order → task → claim → announce → progress → complete → staffed
    √ runs end to end off REAL construction state (12 ms)
  refusals — named, never generic
    √ an unknown structure resolves to null (the host names it in the can't) (2 ms)
    √ missing materials are NAMED with their shortfall ('we need more block') (2 ms)
    √ an infeasible site (no ground) refuses with an EMPTY enumeration, never a bad lot (2 ms)
  point-steered ordering ('build + house + here') — near ranks the slot lattice
    √ a near point at a far candidate's lot makes THAT lot rank first — point-steered, not point-exact (3 ms)
    √ is deterministic — the same near point ranks the same list (2 ms)
    √ zoning still outranks distance: matching-zone ground beats nearer open ground (1 ms)

  console.log
    [dotenv@17.2.3] injecting env (49) from .env -- tip: 👥 sync secrets across teammates & machines: https://dotenvx.com/ops

      at _log (node_modules/dotenv/lib/main.js:142:11)

PASS server/tests/world-engine/town-construction-orders.test.ts
  the one order list (phase 2)
    √ mints ONE town-wide monotone ordinal sequence across every kind (14 ms)
    √ the kind-scoped reads are LIVE views — mutation through them is mutation of the list (3 ms)
    √ removal APIs are kind-blind underneath — one remove, views follow (4 ms)
    √ cancelFounding refunds the pile and drops the row; a completed row refuses (5 ms)
  the legacy-save adapter (pre-phase-2 → orders)
    √ adapts the trio into one list — founding ords preserved, others renumbered with legacyOrd (3 ms)
    √ adapts BEHAVIOR-identically: stage state, banked labor, piles all survive (2 ms)
    √ round-trips: the save writes ONLY `orders`, and a reload is byte-stable (5 ms)
    √ new rows mint ords past every adapted row — no collision with legacy numbering (4 ms)
  orderStage / orderDone — the one ladder over every kind
    √ matches the per-kind projections across the whole lifecycle (5 ms)
    √ walks a room order up the ladder as labor banks — and demolition down it (2 ms)
    √ an ADOPTED no-cost row (staged, step 3) is labor-driven; an unadopted one keeps its clock (3 ms)
    √ stageOrder is idempotent and refuses demolitions (nothing to stage) (1 ms)

  console.log
    [dotenv@17.2.3] injecting env (49) from .env -- tip: 🔐 encrypt with Dotenvx: https://dotenvx.com

      at _log (node_modules/dotenv/lib/main.js:142:11)

PASS server/tests/world-engine/world-engine-ownership.test.ts
  the scope chain
    √ a resident belongs to itself, its household, and the town (5 ms)
    √ a houseless creature (the player, a quest NPC) skips the house tier (2 ms)
    √ mayUse climbs the chain: own < household < town < unowned (3 ms)
    √ a |-joined owner admits ANY of its scopes (the double bed) (3 ms)
    √ pets share the household tier (their bowl is house-scoped) (5 ms)
  the private tier
    √ isPrivateOwner marks creature scopes only — every tier above is communal (2 ms)
    √ ⚖️ S4 — a CIVIC errand reaches the commons and the unowned, never a household (2 ms)
    √ mayUse IS mayUseByScopes over the body's own chain (one rule, two askers) (5 ms)
    √ ownerCidsOf names who may OBJECT (3 ms)

  console.log
    [dotenv@17.2.3] injecting env (49) from .env -- tip: ⚙️  enable debug logging with { debug: true }

      at _log (node_modules/dotenv/lib/main.js:142:11)

PASS server/tests/world-engine/symbol-game-task-pool.test.ts
  task lifecycle — create → open → claim (filled) → done / expire
    √ posts an open task carrying goal + issuer + focus + the spoken sentence (4 ms)
    √ a claim FILLS the task — the second claimant is refused (exactly one executes) (9 ms)
    √ release (a plan that failed to issue) reopens the task for someone else (2 ms)
    √ complete retires a claimed task (1 ms)
    √ expiry surfaces an unclaimed task back EXACTLY once; claimed tasks never expire (2 ms)
  claim choice — deterministic, no RNG
    √ only capable + willing candidates INSIDE the focus area are eligible (2 ms)
    √ the NEAREST eligible candidate wins; distance ties break to the lower id (2 ms)
    √ is a pure function — the same inputs always pick the same claimant (5 ms)
  chooseClaimant — the priced claim
    √ UNPRICED is byte-identical to the shipped rule — every net ties, geometry decides (2 ms)
    √ 🚨 THE POINT OF THE BATCH: an idle hand beats a nearer body that is mid-shift (5 ms)
    √ a shift worker IS pulled when the claim's value clears the output it destroys (2 ms)
    √ EQUAL forgone ⇒ nearest still wins — journeyS is monotone in distance (2 ms)
    √ NET ties fall through to distance, then to the lexicographic id (2 ms)
    √ NO SIGN GATE — a claim worth less than it costs is still claimed (1 ms)
    √ stays pure and eligibility still gates first — an out-of-area bargain never claims (3 ms)
    √ valueS rides the pool row and survives the round trip, absent stays absent (4 ms)
  issuer-agnosticism + the mutation-layer contract
    √ a CREATURE issuer rides the same rows — nothing special-cases the player (2 ms)
    √ toJSON round-trips the whole pool (TownDeltas pattern: serializable state) (2 ms)

  console.log
    [dotenv@17.2.3] injecting env (49) from .env -- tip: ⚙️  write to custom object with { processEnv: myObject }

      at _log (node_modules/dotenv/lib/main.js:142:11)

PASS server/tests/world-engine/culture-rituals.test.ts
  game.culture.rituals — parse + gate
    √ maps an authored row onto the ritual vocabulary (7 ms)
    √ fills the omitted bounds and timings with defaults (2 ms)
    √ accepts a rituals block alongside the other culture blocks (3 ms)
    √ rejects an unknown field, per-path (29 ms)
    √ rejects a call that isn't strong or weak (3 ms)
    √ rejects an empty call list — a ritual nothing can call is a dead row (2 ms)
    √ rejects an unknown station kind, and a seat with no fixture (3 ms)
    √ rejects out-of-range numbers (3 ms)
    √ rejects a roster that can never fill — max below min (2 ms)
    √ bounds the ritual list (2 ms)
  game.culture.rituals — resolution
    √ every culture eats: no declaration still resolves the kernel rituals (2 ms)
    √ an authored row merges over the default of the same key (6 ms)
    √ declaring rituals alone takes the world off the open culture (2 ms)

  console.log
    [dotenv@17.2.3] injecting env (49) from .env -- tip: 🗂️ backup and recover secrets: https://dotenvx.com/ops

      at _log (node_modules/dotenv/lib/main.js:142:11)

PASS server/tests/world-engine/quest-game-schema.test.ts
  createEmptyQuestGame
    √ produces a starter game that certifies (9 ms)
    √ certifies with a custom title and locale (3 ms)
  normalizeContentPack
    √ forces engine/engineVersion the AI tends to drop, making it certify (4 ms)
    √ overrides a wrong engine value (2 ms)
    √ passes non-objects through untouched (2 ms)
  QUEST_GAME_MEMORY_FIELD declaration
    √ declares meta, entities, and root under contentPack (6 ms)
    √ declares meta sub-fields (title, locale, theme, companion, goals) (2 ms)
    √ declares entity items with a kind enum (4 ms)
    √ declares the node union (type enum + all four node types' fields) (3 ms)
    √ constrains via items to overcome nodes (2 ms)
    √ is RECURSIVE — an overcome's key is a full node that can nest again (3 ms)

  console.log
    [dotenv@17.2.3] injecting env (49) from .env -- tip: 🗂️ backup and recover secrets: https://dotenvx.com/ops

      at _log (node_modules/dotenv/lib/main.js:142:11)

PASS server/tests/world-engine/symbol-game-transfer-endpoints.test.ts
  take — the implied SOURCE frame
    √ 'take + ball + from + box' → fetch restricted to the source (6 ms)
    √ a bare second noun is the source: 'take + ball + dog' = from the dog (3 ms)
    √ a person after take is the source too: 'take + ball + i_me' = from me (4 ms)
    √ objectless 'take + from + dog' takes whatever the source holds (2 ms)
    √ 'take + ball' stays the classic unscoped fetch (2 ms)
  the opposite marker flips acquisition into delivery
    √ 'take + ball + to + dog' delivers (give), the opposite of take-from (2 ms)
    √ 'get + ball + to + box' stows it there (putIn) (1 ms)
    √ 'carry + ball + from + box' fetches from the source (carry's from-reading) (2 ms)
    √ 'give + ball + from + dog' ≡ 'give + ball + dog' — the frame slot absorbs a redundant marker (3 ms)
  give with no recipient defaults to the speaker
    √ 'give + ball' → hand it to me (2 ms)
  movement gaits are one primitive
    √ 'walk + home' and 'run + home' both go home (2 ms)
    √ 'run + market' → goTo the named place (2 ms)
    √ 'go + ball' → goTo the object's spot (a named lookup the world resolves) (4 ms)
    √ 'chase + dog' rides the follow primitive (4 ms)
    √ the canonical verb family collapses the synonyms (2 ms)
  stop {device} turns the active thing off
    √ with an isDevice binder, 'stop + lamp' → toggle off (3 ms)
    √ without the hook, 'stop + lamp' stays the plain halt (legacy) (2 ms)
  play with a partner is the SAME motive, shared
    √ 'play + with + dog' → the fun motive, marked with the partner (2 ms)
    √ bare 'play' stays the SOLO fun motive — no company, no marker (5 ms)
  commandEcho — speak the order as understood; 'ok' is earned
    √ a telegraphic command echoes the full line ('wash clothes' → 'I will wash the clothing') (2 ms)
    √ a canonical command earns the bare ok ('you get ball' matches 'i_me get ball') (2 ms)
    √ the from-endpoint is spoken back ('take ball dog' → 'I get the ball from the dog') (2 ms)
  planner — the from-authorized hand-to-hand take
    √ 'take ball from dog' plans a walk to the holder + an authorized pick (99 ms)
    √ without the named source, a held item stays not-snatchable (blocked) (2 ms)
  goalActivity — a pursued goal reads back in command words
    √ maps the errand family (3 ms)
    √ the satisfy intent line speaks the chore's words, not the template key (2 ms)

  console.log
    [dotenv@17.2.3] injecting env (49) from .env -- tip: ⚙️  suppress all logs with { quiet: true }

      at _log (node_modules/dotenv/lib/main.js:142:11)

PASS server/tests/world-engine/construction-lines.test.ts
  the shape a NEED must never take
    √ '{material} + in + {place}' is the LOCATIVE — it says the block already arrived (6 ms)
    √ a tailed clause keeps its VERB at level b, so no directive degrades into it (5 ms)
  ① a place is short of a material
    √ parses as a want, with the PLACE as subject — the bill belongs to the room (2 ms)
    √ renders as the request in every ruleset (11 ms)
    √ a single unit drops the quantifier (8 ms)
    √ the same shape carries a room's furniture want and a building's room want (4 ms)
  ② nothing anywhere covers the bill
    √ is a DIFFERENT claim from the bill — the collective voice, about the town's stock (2 ms)
    √ renders bare (mass) in every ruleset — no particular pile is meant (4 ms)
    √ covers stone too — the other mass material (3 ms)
  ③ the mill is covering the gap
    √ is a first-person statement of intent (4 ms)
  ④ the structure stands
    √ is the copula over a STATE word, so it agrees everywhere (3 ms)
    √ reads the same for a room (3 ms)
  ⑤ the claimed work — the announcements construction posts to the task pool
    √ a haul to a site CARRIES, never 'puts' hands that are still empty (4 ms)
    √ a hand-off to a creature stays a GIVE (2 ms)
    √ the site's own verbs: fetch, build, mill-work, craft (6 ms)
    √ a delivered piece names WHERE it goes (4 ms)
  the construction vocabulary is drawable in every ruleset
    √ 'block' has a Hebrew word (4 ms)
    √ 'wood' has a Hebrew word (2 ms)
    √ 'stone' has a Hebrew word (2 ms)
    √ 'tree' has a Hebrew word (2 ms)
    √ 'house' has a Hebrew word (1 ms)
    √ 'farm' has a Hebrew word (5 ms)
    √ 'market' has a Hebrew word (1 ms)
    √ 'workshop' has a Hebrew word (2 ms)
    √ 'masonry' has a Hebrew word (4 ms)
    √ 'smithy' has a Hebrew word (1 ms)
    √ 'weaver' has a Hebrew word (3 ms)
    √ 'library' has a Hebrew word (1 ms)
    √ 'temple' has a Hebrew word (1 ms)
    √ 'building' has a Hebrew word (1 ms)
    √ 'storehouse' has a Hebrew word (2 ms)
    √ 'yard' has a Hebrew word (2 ms)
    √ 'home' has a Hebrew word (2 ms)
    √ 'bedroom' has a Hebrew word (3 ms)
    √ 'bathroom' has a Hebrew word (2 ms)
    √ 'kitchen' has a Hebrew word (3 ms)
    √ 'room' has a Hebrew word (1 ms)
    √ 'store' has a Hebrew word (2 ms)
    √ 'workshop' has a Hebrew word (3 ms)
    √ the verb 'build' conjugates (2 ms)
    √ the verb 'make' conjugates (2 ms)
    √ the verb 'bring' conjugates (2 ms)
    √ the verb 'carry' conjugates (2 ms)
    √ the verb 'cut' conjugates (2 ms)
    √ the verb 'get' conjugates (2 ms)

  console.log
    [dotenv@17.2.3] injecting env (49) from .env -- tip: 🛠️  run anywhere with `dotenvx run -- yourcommand`

      at _log (node_modules/dotenv/lib/main.js:142:11)

PASS server/tests/world-engine/text-send.test.ts
  text send — the order, resolved (§4)
    √ creature → PLACE issues `sendTo` at the building's footprint centre (20 ms)
    √ creature → OBJECT issues `attendObject` at the object's own point (11 ms)
    √ creature → CREATURE issues `attendCreature`, and carries no point at all (13 ms)
    √ a SPIRIT may send — that is the whole point of the command (13 ms)
    √ never gates on WILLINGNESS — refusing is the creature's job, not the parser's (14 ms)
  text send — the refusals (never a guess, never a throw)
    √ ASKS which one when the actor's name is ambiguous, and issues nothing (15 ms)
    √ ASKS about an ambiguous TARGET too (11 ms)
    √ refuses an OBJECT as the actor — only somebody with legs can be sent (21 ms)
    √ refuses a PLACE as the actor as well (8 ms)
    √ says so when nothing here answers to the name (6 ms)
    √ keeps the TODO answer on a boot with NO command channel (feature-detected) (5 ms)

  console.log
    [dotenv@17.2.3] injecting env (49) from .env -- tip: 🔑 add access controls to secrets: https://dotenvx.com/ops

      at _log (node_modules/dotenv/lib/main.js:142:11)

PASS server/tests/world-engine/town-staging.test.ts
  the staged labor clock (FoundedBuilding.costs / pile / laborStartDay)
    √ a designation records its costs with an empty pile and NEVER completes unstaged (12 ms)
    √ the pile fills (facted variants pay their head), staging stamps, BUILDERS work it off (8 ms)
    √ a LEGACY row (no costs — growth's collapsed twin) keeps the pre-pipeline clock (2 ms)
    √ completion consumes the pile — the materials ARE the building (4 ms)
    √ costs, pile, laborStartDay and BANKED LABOR ride the toJSON round-trip (3 ms)
  a founded row's bill is the RESOLVER's, never the row's extras map
    √ the trap is real: a catalog row authors no blocks of its own (2 ms)
    √ PIPELINE founding writes structureCosts(spec) — the designation the affordability check admitted (4 ms)
  pending annexes (pipeline ⑤ — annex staging)
    √ a posted designation gathers into its pile, stages, and commits via requestAnnex (5 ms)
    √ rides the toJSON round-trip mid-gather (pile, clock, ordinals) (3 ms)
  growth's collapsed twin spends only FREE yard stock
    √ reserved wood halts growth; releasing it restarts growth; the spend never eats reserved units (7 ms)
    √ a reservation smaller than the surplus leaves growth untouched (free covers the bill) (3 ms)
    √ banked (non-urgent) growth respects reservations identically (4 ms)

  console.log
    [dotenv@17.2.3] injecting env (49) from .env -- tip: 🔐 encrypt with Dotenvx: https://dotenvx.com

      at _log (node_modules/dotenv/lib/main.js:142:11)

PASS server/tests/world-engine/goal-tree-runtime.test.ts
  goal-tree runtime
    √ hand layout passes the shared layout validator (7 ms)
    √ expands target item instances with stable ids (2 ms)
    √ start emits the root intro and the initial objectives (4 ms)
    √ plays the picnic game through with scripted inputs (5 ms)
    √ keeps a locked obstacle locked and narrates its prompt (2 ms)
    √ treats distractor picks as feedback, never progress (2 ms)
    √ ignores duplicate picks and stale option selections (5 ms)
    √ cancel-choice closes the panel without completing, and it re-presents (6 ms)
    √ updates objectives as zones unlock (3 ms)
  space2d walk mode
    √ auto-plays the full picnic game through movement and doors (8 ms)
    √ emits a single pickup per radius entry (edge-triggered) (3 ms)
  space2d steer mode
    √ steers through an open door into the next zone (3 ms)
    √ turns a locked door bump into an obstacle interaction, with cooldown (3 ms)
    √ rests in place when there is no gaze (2 ms)

  console.log
    [dotenv@17.2.3] injecting env (49) from .env -- tip: 📡 add observability to secrets: https://dotenvx.com/ops

      at _log (node_modules/dotenv/lib/main.js:142:11)

PASS server/tests/world-engine/bands.test.ts
  the rename — the field is the land, and founding still reads it
    √ worldgenSubstrate carries `forage` (capacity), and no `people` var remains (4 ms)
    √ findFoundingSites reads `forage` by default (8 ms)
  gather — the crowd leaves the grid as a band
    √ conserves: the band holds exactly what left the field, residue stays wild (9 ms)
    √ FOUND SMALL: the cap apportions across species by largest remainder, exactly (3 ms)
    √ an empty box gathers a size-0 band and takes nothing (2 ms)
  settle — an ordinary state change on an existing entity
    √ the founding crowd is the band, mix and all (2 ms)
  disperse — the exact inverse (Gate D's mechanism, pinned early)
    √ gather → disperse round-trips the field totals; the band empties (3 ms)
    √ honors tile headroom: a full valley reports the overflow and keeps it in the band (4 ms)

  console.log
    [dotenv@17.2.3] injecting env (49) from .env -- tip: 🔐 encrypt with Dotenvx: https://dotenvx.com

      at _log (node_modules/dotenv/lib/main.js:142:11)

PASS server/tests/world-engine/symbol-game-parse-intent.test.ts
  social acts — self-contained moves
    √ greets, affirms, declines, thanks, claims (7 ms)
  vocatives — a social act that NAMES someone addresses them
    √ hi + mara → greet addressed TO mara (6 ms)
    √ order-free: mara + hi parses identically (4 ms)
    √ bye + mara → FAREWELL (not a greeting) addressed to mara (2 ms)
    √ naming a creature and nothing else already addresses it (2 ms)
    √ hi + you → the listener, a well-formed no-op referent (5 ms)
    √ a bare hi addresses nobody in particular (2 ms)
    √ an ITEM is never an addressee — hi + ball keeps its old shape (2 ms)
    √ without a classifier a name is opaque — no animacy is guessed (3 ms)
    √ a non-social frame is untouched: mara + eat keeps mara as the SUBJECT (3 ms)
    √ a non-addressing social never re-labels the naming: yes + mara stays a greet (2 ms)
    √ the slot is ADDITIVE — raw and every other field keep today's values (2 ms)
  ⑫ the name channel — a roster turns a name into an addressee
    √ a FELLOW MEMBER named on a command is the addressee (2 ms)
    √ …and it is ADDITIVE — the subject reading is untouched (3 ms)
    √ a name OUTSIDE the roster is somebody spoken ABOUT, never addressed (2 ms)
    √ a RECIPIENT behind the verb is never the addressee (4 ms)
    √ no roster ⇒ every frame is byte-identical to today (2 ms)
    √ an ITEM is never an addressee, roster or no roster (2 ms)
  ⑫ a named person is never the THING WANTED (state-verb object drop)
    √ mara + want + apple keeps the APPLE as the object (2 ms)
    √ …and in a conversation with Mara, it is addressed to her (3 ms)
    √ a LONE named creature after a state verb is still the object (nothing to displace) (1 ms)
    √ two ITEMS after a state verb are untouched by the rule (1 ms)
  questions — querying the world / the listener
    √ where + ball → ask, object ball (2 ms)
    √ why + you + want + ball → ask why, subject listener, verb want (2 ms)
    √ a #question operator with no wh-word is a polar (yes/no) question (2 ms)
  statements — need, feeling, knowledge
    √ i_me + want + ball → request (3 ms)
    √ verbless want defaults the speaker as subject (2 ms)
    √ i_me + have + ball → state (knowledge about self) (1 ms)
    √ i_me + sad → state, feeling carried as a modifier (2 ms)
    √ attaches glyph modifiers to their entity (ball.big) (2 ms)
  commands + transfers (deixis assigns roles, not order)
    √ you + go + home → command, subject listener (2 ms)
    √ bare imperative 'go' addresses the listener (3 ms)
    √ give i_me ball → request (recipient = me), subject defaults to listener (2 ms)
    √ i_me + give + ball + to + you → offer, recipient you via 'to' (2 ms)
    √ out of order: ball + want + i_me → request (deixis wins over position) (2 ms)
    √ subject-before-object among plain nouns; verb floats (cat + dog + chase) (2 ms)
    √ animacy overrides position: apple + i_me + eat = I eat the apple (4 ms)
    √ a state verb keeps the noun as object even reversed (apple + want) (1 ms)
    √ movement verb: you + follow + i_me → command, subject listener, destination me (2 ms)
    √ movement verb: you + go + there → command toward the gaze point (2 ms)
    √ gaze deixis: put + this + in + here (2 ms)
  rules — a condition connective makes a standing rule
    √ when + night + go + home → rule, while, action go home, condition night (2 ms)
    √ the reverse order parses identically: go + home + when + night (2 ms)
    √ if → edge, until → until (2 ms)
  word-order conformance — a teaching signal, not a gate
    √ well-ordered SVO scores 1 (no confusion) (2 ms)
    √ reversed order still PARSES but scores low (NPC shows confusion) (2 ms)
    √ only explicitly-placed roles count (implied subject isn't 'misordered') (2 ms)
    √ the SAME utterance scores against the DESIGNATED language's order (5 ms)
  sequences + verbless defaults
    √ go + home + then + rest → sequence of two clauses (2 ms)
    √ a verbless place noun → go (adventure); an item → want (2 ms)
    √ a bare item noun is a VERBLESS request; a said one keeps its verb (3 ms)
    √ a verbless item in BUILDING mode → build it (1 ms)
  verb argument frames — bare second nouns fill the verb's implied role
    √ give apple mara → apple is the object, mara the implied-to recipient (2 ms)
    √ the classifier picks roles regardless of order: give mara apple (2 ms)
    √ throw apple bin → bin is the implied-in destination, never the agent (3 ms)
    √ put ball box → the place noun is the destination even without 'in' (2 ms)
    √ an explicit relation still wins: give apple to mara (2 ms)
    √ without a classifier, position decides: object first, argument last (4 ms)
    √ animacy over position: a NAMED creature before the verb is the agent (5 ms)
    √ movement to furniture: you go bed keeps bed as the destination noun (4 ms)
  verb composition — several verbs compose, never silently last-win
    √ stop + {V} is a PHASE operator: cease the activity, never do it (4 ms)
    √ bare stop stays the plain stop command (no phase) (4 ms)
    √ go/come beside another action is a redundant motion auxiliary (5 ms)
    √ want + {V} is a MODAL desire — a request to do, never an order (2 ms)
    √ i_me + want + go + home keeps the destination and the speaker subject (4 ms)
    √ a negation on either composed verb negates the frame (2 ms)
    √ what + you + do is the broad activity ask (3 ms)

  console.log
    [dotenv@17.2.3] injecting env (49) from .env -- tip: ⚙️  specify custom .env file path with { path: '/custom/path/.env' }

      at _log (node_modules/dotenv/lib/main.js:142:11)

PASS server/tests/world-engine/town-founding.test.ts
  foundSite
    √ founds an empty site (no buildings, no residents, no stock, fresh overlay) (6 ms)
    √ derives a deterministic key from the seed (and honors an explicit one) (3 ms)
  depositSiteStock
    √ moves ONLY building materials out of the source stacks (3 ms)
    √ accumulates across deposits and accepts facted material variants (3 ms)
    √ does NOT make the site non-empty (materials never block abandonment) (2 ms)
  siteIsEmpty (the abandonment contract)
    √ a building makes the site non-empty (2 ms)
    √ a resident makes the site non-empty (idempotent add) (1 ms)
    √ kept construction (a non-empty delta) makes the site non-empty; an untouched overlay does not (2 ms)
  abandonSite
    √ returns the stock as the spill and empties the site (7 ms)
  siteAbandonRadius
    √ caps at the constant and clamps down for small worlds (3 ms)
  siteTownConfig (the town-play seam)
    √ hands the site to buildTownPlay unchanged — key, seed, and the construction overlay ride along (35 ms)
    √ is deterministic: same site ⇒ identical config (3 ms)

  console.log
    [dotenv@17.2.3] injecting env (49) from .env -- tip: ⚙️  load multiple .env files with { path: ['.env.local', '.env'] }

      at _log (node_modules/dotenv/lib/main.js:142:11)

PASS server/tests/world-engine/text-cheats.test.ts
  cheats — the channel is closed until it is opened
    √ refuses every command by name, and reaches nothing (10 ms)
    √ `help` never mentions it (9 ms)
  cheats — a peek is a different channel with a marker in the stream
    √ puts the audit in cheatLines and ONLY the marker in lines (5 ms)
    √ serves every command in the set (3 ms)
    √ `/carry` resolves a TEXT id to its sim id before asking (6 ms)
    √ ⚖️ `/carry` says what is IN THE HANDS — the thing the merged view drops (3 ms)
    √ `/why` resolves a TEXT id too, and dumps the raw chain (10 ms)
    √ `/truth` needs no host at all — it is the projection's own confession (4 ms)
    √ says which method a build's cheat host is missing, rather than crashing (3 ms)
    √ runCheat is pure over its ctx — nothing it does can move a world (2 ms)

  console.log
    [dotenv@17.2.3] injecting env (49) from .env -- tip: ⚙️  specify custom .env file path with { path: '/custom/path/.env' }

      at _log (node_modules/dotenv/lib/main.js:142:11)

PASS server/tests/world-engine/player-identity.test.ts
  the constants — byte-identity with the retired singleton
    √ the LOCAL author is still exactly "player" (6 ms)
  playerCidOf — peer network id → author cid
    √ maps the LOCAL peer to LOCAL_PLAYER_CID (each device calls its own author "player") (2 ms)
    √ prefixes a REMOTE peer (2 ms)
    √ with no local identity (single-player / unknown wire) any named peer is remote (2 ms)
    √ an ABSENT sender is the local author — a command that names nobody is this device's (2 ms)
    √ is IDEMPOTENT — a cid crossing the boundary twice never grows a second prefix (4 ms)
    √ gives DISTINCT cids to distinct peers (the point of deleting the singleton) (3 ms)
  peerIdOf — the inverse, at the net boundary
    √ round-trips a REMOTE author back to its network id (2 ms)
    √ round-trips every peer in a spark set (3 ms)
    √ is NULL for the local author (nothing to address on the wire) (6 ms)
    √ is NULL for a world creature — same answer at the wire, so callers need not distinguish (2 ms)
    √ is NULL for a bare prefix with no id behind it (1 ms)
  isPlayerCid — the spark-set membership test (an AUTHOR, no body of its own)
    √ accepts the local author and any remote one (3 ms)
    √ rejects world creatures — including names that merely start with the word (2 ms)
    √ holds for every cid playerCidOf can produce (2 ms)

  console.log
    [dotenv@17.2.3] injecting env (49) from .env -- tip: ⚙️  enable debug logging with { debug: true }

      at _log (node_modules/dotenv/lib/main.js:142:11)

PASS server/tests/world-engine/symbol-game-response-semantics.test.ts
  how-are-you — a thin emotional-state report (worst problem first)
    √ a conditioned creature reports its condition ('I am hungry') (5 ms)
    √ a wanting creature states its want (2 ms)
    √ a problem-free creature reports the simple positive state, not 'ok' (3 ms)
  'okay' is reserved — no reply path uses it as a generic acknowledgment
    √ cant / bye / tell / how-are-you never answer 'ok' (3 ms)
    √ cant parts calmly (goodbye + close), distinct from the refusal's sad (3 ms)
    √ a farewell is returned in kind (2 ms)
    √ a told fact is THANKED (and still spreads into knowledge) (5 ms)
  the explicit terminal fallback — 'I don't understand' in every ruleset
    √ renders properly in en / he / es / pt (lang layer, not client i18n) (2 ms)
  why - an honest floor, never silence
    √ a creature with a CONDITION explains itself from it (3 ms)
    √ nothing to explain -> 'I do not know', NOT an empty response (3 ms)
    √ the scruffy condition renders in every ruleset (the dress motive's answer) (3 ms)
  host-lines - every host verdict renders as real speech
    √ CANT_HERE[a] renders in en/he/es/pt (4 ms)
    √ CANT_HERE[b] renders in en/he/es/pt (3 ms)
    √ CANT_HERE[c] renders in en/he/es/pt (3 ms)
    √ WHO_DO_YOU_MEAN[a] renders in en/he/es/pt (6 ms)
    √ WHO_DO_YOU_MEAN[b] renders in en/he/es/pt (4 ms)
    √ WHO_DO_YOU_MEAN[c] renders in en/he/es/pt (3 ms)
    √ CANT_HERE says WHY (the place), not just 'no' (3 ms)

  console.log
    [dotenv@17.2.3] injecting env (49) from .env -- tip: ⚙️  suppress all logs with { quiet: true }

      at _log (node_modules/dotenv/lib/main.js:142:11)

PASS server/tests/world-engine/world-engine-world-clock.test.ts
  world clock — time-of-day + phases
    √ starts at midnight (time 0 = deep night) (3 ms)
    √ midday is full day (2 ms)
    √ wider daylightFraction widens the day symmetrically around noon (2 ms)
    √ hits dawn then day then dusk then night across a cycle (4 ms)
  world clock — advance is pure + monotonic
    √ advanceClock returns a NEW clock and never rewinds (2 ms)
    √ dayCount ticks over at each dayLength (2 ms)
    √ wraps cleanly across multiple days (phase depends only on time-of-day) (3 ms)
  world clock — worldConditions tokens (what rules match)
    √ night emits the 'night' token; day emits 'day' (4 ms)
    √ dawn/dusk emit only their own token, not the coarse day/night (2 ms)

  console.log
    [dotenv@17.2.3] injecting env (49) from .env -- tip: ⚙️  enable debug logging with { debug: true }

      at _log (node_modules/dotenv/lib/main.js:142:11)

PASS server/tests/world-engine/place-house.test.ts
  house space generator
    √ is deterministic — same (roomsNeeded, seed) rebuilds the identical house (9 ms)
    √ has one entrance living room at depth 0, and is fully connected (2 ms)
    √ is a room TREE that tiles ONE rectangle without overlaps (10 ms)
    √ houses at least the rooms the puzzle needs, plus surplus, and scales up (3 ms)
    √ always has a kitchen, a bath, and at least one bedroom (2 ms)
    √ follows a public → private depth gradient (bedrooms deeper than the kitchen) (2 ms)
    √ tags doors by how plausibly they can be locked (2 ms)
    √ furnishes rooms with things to open and surfaces to see on (3 ms)
    √ gives every private room an affinity for the content that belongs there (6 ms)
    √ keeps the door graph a spanning tree over the rooms (adjacency) (3 ms)

  console.log
    [dotenv@17.2.3] injecting env (49) from .env -- tip: 👥 sync secrets across teammates & machines: https://dotenvx.com/ops

      at _log (node_modules/dotenv/lib/main.js:142:11)

PASS server/tests/world-engine/symbol-game-fruit-likes.test.ts
  preferredOf — the host's take-choice among available glyphs
    √ returns the first LIKED glyph, in likes order (preference wins over availability order) (3 ms)
    √ HEAD-matches composed glyphs — 'apple.big' answers an 'apple' like (2 ms)
    √ undefined when nothing on offer is liked (or there are no likes) (2 ms)
  kind likes — setLikes seeds them; a liked KIND values every instance
    √ valueTo gives baseline for a liked kind's instances, 0 for the rest (2 ms)
    √ a liked-kind gift is ACCEPTED with baseline debt (like an instance like) (3 ms)
  a food want VOICES the liked kind (voice + choice, never a filter)
    √ the want line speaks 'apple', not 'food' (5 ms)
    √ the where-is / can't buttons name the voiced kind too (5 ms)
    √ matching is UNTOUCHED — any food (a banana) still satisfies the need (4 ms)
    √ a like of the WRONG category never renames the want (2 ms)
    √ likedKindFor stays out of a want that already NAMES a kind (2 ms)
  WHY answers from the preference (the likes Clause)
    √ the why button shows for a like-voiced want (no authored fact needed) (2 ms)
    √ asking why answers 'I want apple because I like apple' (3 ms)
    √ an AUTHORED likes fact keeps its own path (same clause machinery) (2 ms)
    √ a creatureState cause still SUPPRESSES the why button, like or no like (6 ms)
  requests/where-is for a specific KIND (the §2b machinery, kind-flavored)
    √ 'i_me want apple' maps to a KIND request when the listener holds none (5 ms)
    √ the kind resolves against the owner's OWN holdings — a spare apple is granted (3 ms)
    √ owner has NONE but knows an apple provider → redirect to the stall (3 ms)
    √ owner has NONE and knows no provider → the honest have-not, naming the kind (3 ms)
    √ where-is by KIND: a known matching instance answers with its location clue (3 ms)
    √ where-is by KIND: no instance but a provider fact → directions; neither → don't-know (2 ms)

  console.log
    [dotenv@17.2.3] injecting env (49) from .env -- tip: 📡 add observability to secrets: https://dotenvx.com/ops

      at _log (node_modules/dotenv/lib/main.js:142:11)

PASS server/tests/world-engine/town-pricing.test.ts
  journeys
    √ prices a leg as time (4 ms)
    √ an unreachable leg prices infinite, never NaN — that IS the failure cooldown's replacement (2 ms)
  assembly
    √ missing terms are zero — forgoneS starts life at 0 everywhere (3 ms)
  value
    √ a full-blown drive is worth its whole fill clock, and urgency clamps (2 ms)
    √ a unit of a plentiful good rounds to nothing; a famine good approaches the clock (2 ms)
    √ unitsPerFill floors at 1 so a rare bill never divides by zero (6 ms)
  the comparison
    √ net = value − the four terms; the sign is the WORTHWHILE gate (2 ms)
    √ an infinite journey loses every argmax without any cooldown machinery (2 ms)
  townFillS — the town's own clock is its DAY
    √ is the street day, whatever the profile's day is (5 ms)
    √ floors at one second — a unit is never worth nothing by division (2 ms)
  shiftForgoneS — what pulling a scheduled worker would destroy
    √ IS the attendance chain, arithmetically — units lost × what a unit is worth (2 ms)
    √ scales with the time the claim holds the body — it is a RATE, never a fee (2 ms)
    √ A SURPLUS TOWN DOES NOT PROTECT ITS WORKERS — shortage 0 ⇒ forgone 0 (2 ms)
    √ zero whenever the shift is not real — no staff, no window, no output, no time (2 ms)
    √ the ATTENDANCE FLOOR is deliberately NOT applied — the price is memoryless (2 ms)

  console.log
    [dotenv@17.2.3] injecting env (49) from .env -- tip: 🔐 encrypt with Dotenvx: https://dotenvx.com

      at _log (node_modules/dotenv/lib/main.js:142:11)

PASS server/tests/world-engine/world-engine-gender.test.ts
  genderFor — stable derived natural gender
    √ is deterministic per creature id (7 ms)
    √ honors authored persona hints over the hash (2 ms)
    √ assigns both genders across a household (not all-masculine) (3 ms)
    √ drives speaker agreement in gendered languages (5 ms)

  console.log
    [dotenv@17.2.3] injecting env (49) from .env -- tip: 🔐 encrypt with Dotenvx: https://dotenvx.com

      at _log (node_modules/dotenv/lib/main.js:142:11)

PASS server/tests/world-engine/board-chrome.test.ts
  paging
    √ shows a short list whole, with NO more button (4 ms)
    √ EXACTLY eight fits — a more button that leads nowhere is a lie (2 ms)
    √ a ninth item earns the more button, and it pages (3 ms)
    √ wraps past the end rather than dead-ending (2 ms)
  going back
    √ appends BACK only when there is somewhere to go (2 ms)
    √ puts the chrome AFTER the content, so options never move as a list grows (2 ms)
    √ speaks the caller's translations, falling back to plain words (2 ms)
  boardContentKey
    √ changes when the LIST changes, so a page never outlives its content (3 ms)

  console.log
    [dotenv@17.2.3] injecting env (49) from .env -- tip: 📡 add observability to secrets: https://dotenvx.com/ops

      at _log (node_modules/dotenv/lib/main.js:142:11)

PASS server/tests/world-engine/culture-dress.test.ts
  game.culture.dress — parse + gate
    √ accepts a dress block alongside absolutes (5 ms)
    √ a bare palette (no kinds) is legal (2 ms)
    √ rejects unknown fields, non-arrays, junk entries, and over-long arrays — path-exact (35 ms)
  game.culture.dress — resolve
    √ carries the dress onto the resolved culture (2 ms)
    √ no culture / no dress resolves to the open culture (curated default applies downstream) (2 ms)

  console.log
    [dotenv@17.2.3] injecting env (49) from .env -- tip: ⚙️  suppress all logs with { quiet: true }

      at _log (node_modules/dotenv/lib/main.js:142:11)

PASS server/tests/world-engine/planet-lod-visibility.test.ts
  planet LOD visibility contract
    √ subdivides toward a surface camera and hides every subdivided parent (24 ms)
    √ SELF-HEALS: an external show-all sweep is re-culled by the next update (22 ms)
    √ re-culls even when the camera moved and the tree reshapes (18 ms)

  console.log
    [dotenv@17.2.3] injecting env (49) from .env -- tip: ⚙️  write to custom object with { processEnv: myObject }

      at _log (node_modules/dotenv/lib/main.js:142:11)

PASS server/tests/world-engine/symbol-game-going.test.ts
  stepDestination — arrived is not going
    √ a body standing at its spot has NO destination (the ask leaves the board) (3 ms)
    √ a body pinned onto the fixture it is USING has no destination (4 ms)
    √ a body still walking DOES have one (3 ms)
  stepDestination — at home, the room or the activity answers
    √ crossing the house to a named room answers with the room (3 ms)
    √ a destination in the LIVING room falls through to the activity, never 'home' (4 ms)
    √ no room and no motive word → no destination at all (never a guess) (2 ms)
    √ a house with no room plan (empty rooms) still answers with the activity (2 ms)
  stepDestination — 'home' is the walk BACK to it
    √ out in town, walking to a fixture inside the house → home (2 ms)
    √ the SAME walk, ending at the bedroom, is still home from outside (3 ms)
    √ a take is a shopping trip wherever it happens — the good is the answer (2 ms)
  tripDestination — the schedule proposes, the body decides
    √ off-show (no body to ask) the schedule is trusted as-is (2 ms)
    √ a body we can see WALKING answers the schedule's trip (2 ms)
    √ a body standing STILL overrules the clock — no journey it isn't making (2 ms)
  stepActivity — the physical moves speak their own verb
    √ a take is getting, a deposit/drop is putting (not the motive behind it) (4 ms)
    √ everything else speaks its motive's frame, prefix-matched off the template key (2 ms)
    √ every motive verb RENDERS as a verb — the chores must not speak adjectives (9 ms)
  roomAt — point in the home's rooms
    √ finds the room a point sits in, and nothing outdoors (3 ms)
  the spoken lines — a room is a place, an activity is an intention
    √ a room reads as a destination in every ruleset (5 ms)
    √ an activity reads as an intention ('I will …'), object included (5 ms)
    √ the teaching levels reduce to the new concept alone (4 ms)
    √ no destination still answers 'I'm here' and drops the ask from the board (3 ms)

  console.log
    [dotenv@17.2.3] injecting env (49) from .env -- tip: ⚙️  override existing env vars with { override: true }

      at _log (node_modules/dotenv/lib/main.js:142:11)

PASS server/tests/world-engine/world-engine-bubble.test.ts
  world-engine unified bubbles
    √ starts with no bubbles (4 ms)
    √ shows a point-anchored bubble (an in-game character/caption) (4 ms)
    √ re-using a key replaces in place; blank text clears it (3 ms)
    √ routes avatar speech through the SAME channel (avatar anchor) (3 ms)
    √ removing an avatar drops its speech bubble (5 ms)
    √ bubbleAlpha respects a custom ttl (2 ms)

  console.log
    [dotenv@17.2.3] injecting env (49) from .env -- tip: ⚙️  enable debug logging with { debug: true }

      at _log (node_modules/dotenv/lib/main.js:142:11)

PASS server/tests/world-engine/town-containers.test.ts
  🚨 a scope cannot be a number
    √ A FULL BARREL NEVER DISSOLVES INTO A TALLY — the reported bug (5 ms)
    √ but an EMPTY one does — a flat-packed barrel is just a barrel (2 ms)
    √ a NON-container always stacks, however many of it there are (2 ms)
    √ the refrigerator would have been protected too, had anyone boxed it (3 ms)
  what holds things
    √ agrees with the spec-side authority about which kinds are containers (5 ms)
    √ a lidded piece HIDES its contents; a shelf SHOWS them (5 ms)
    √ THE BASKET is CARRIED and THE SATCHEL is WORN — the pair, and the difference (3 ms)
    √ reads a faceted glyph by its head (a red basket is a basket) (3 ms)
    √ every portable row declares a hold mode and a real capacity (3 ms)
    √ furniture holds its declared default when the economy has no opinion (2 ms)
  a container is a container WHEREVER it is
    √ a loose barrel carries its containment slot, so it can still be filled (2 ms)
    √ a basket on the floor is a place things can go (5 ms)
    √ THE SATCHEL RENDERS AS ITSELF — a real model, never a floating emoji (5 ms)
    √ every portable container has a model, so none of them can be a question mark (3 ms)
    √ and a chair is not (3 ms)
    √ UNITS and INSTANCES are different numbers, deliberately (2 ms)

  console.log
    [dotenv@17.2.3] injecting env (49) from .env -- tip: 🔐 encrypt with Dotenvx: https://dotenvx.com

      at _log (node_modules/dotenv/lib/main.js:142:11)

PASS server/tests/world-engine/world-engine-render.test.ts
  Render2D camera
    √ round-trips world ↔ screen (5 ms)
    √ centers the field and preserves aspect (2 ms)
    √ followCamera centers on the target at a fixed zoom (2 ms)

  console.log
    [dotenv@17.2.3] injecting env (49) from .env -- tip: ⚙️  override existing env vars with { override: true }

      at _log (node_modules/dotenv/lib/main.js:142:11)

PASS server/tests/world-engine/symbol-game-trade-directive.test.ts
  trade in the LEXICON — a directive verb
    √ is registered as a directive transfer verb (4 ms)
    √ "trade + wood + with + hamlet" — give from the object, partner with-marked (5 ms)
    √ "trade + wood + for + food + with + hamlet" — the two-argument frame loses NOTHING (3 ms)
    √ keeps the spoken quantity on the frame ('trade + all + wood' → a standing route) (6 ms)
  intent-compile — {kind:'trade'} rides give/take/partner
    √ full frame: give + take + partner (4 ms)
    √ partner only — the take-good stays null (the host defaults it and SAYS it) (2 ms)
    √ bare give — partner AND take null (the bound partner answers) (2 ms)
    √ a bare 'trade' stays unbound — the explicit not-understood, never a guess (3 ms)
    √ word order stays free — 'wood + trade + with + hamlet' parses the same (3 ms)
    √ the goal is host-routed: no intent line (the TERMS are the clerk's, host-side) (2 ms)
  barter lines — the confirmation speaks the ratio
    √ quantity glyphs are the exact numeral tokens (2 ms)
    √ the terms line: reserved "ok" at level a; the deal itself at b/c (2 ms)
    √ terms shift with the quote — hearing different numbers IS the lesson (7 ms)
    √ "they have enough wood" — the has-enough refusal, named (2 ms)
    √ "they won't part with food" — the famine refusal, named (2 ms)
    √ 🚨 "we won't part with wood" — G1's mirror, said in OUR name (2 ms)
    √ one dispatcher over the willingness verdict (5 ms)

  console.log
    [dotenv@17.2.3] injecting env (49) from .env -- tip: ⚙️  suppress all logs with { quiet: true }

      at _log (node_modules/dotenv/lib/main.js:142:11)

PASS server/tests/world-engine/world-engine-fixtures.test.ts
  fixtures
    √ schema: a fixture container passes; a pushable fixture is a contradiction (8 ms)
    √ is SOLID: walking straight at a chest stops at its face (10 ms)
    √ follows heldOpen (an explicit access action), NOT mere proximity (17 ms)
    √ streams: addWorldObject collides immediately; removal frees contents (10 ms)

  console.log
    [dotenv@17.2.3] injecting env (49) from .env -- tip: 📡 add observability to secrets: https://dotenvx.com/ops

      at _log (node_modules/dotenv/lib/main.js:142:11)

PASS server/tests/world-engine/symbol-game-rules.test.ts
  conditionHolds — pure predicates
    √ worldState reads the clock's token set (5 ms)
    √ creatureState reads the creature's own condition (2 ms)
    √ possession matches by facet, have and have.not (5 ms)
    √ itemState matches an item carrying the state (the open window) (6 ms)
    √ presence/social fall to resolveExtra (false when absent) (3 ms)
  ruleBinds — who obeys
    √ agent binds only its target (2 ms)
    √ all binds everyone (2 ms)
    √ group binds by LIVE role membership (a new member inherits the law) (2 ms)
  ruleCandidate — the compliance-weighted suggestion
    √ fires at full priority when the author has full compliance (self-authored) (4 ms)
    √ scales weight by how the creature regards the author (3 ms)
    √ the SAME rule + relation weighs less on a stubborn creature (personality tilts it) (2 ms)
    √ returns null when the condition doesn't hold (2 ms)
    √ returns null when disabled or unbound (3 ms)
    √ a near-zero-compliance creature yields a weak rule that its own needs can beat (3 ms)
    √ a well-regarded commander's rule beats a mild need (2 ms)
  chooseCandidate — deterministic argmax
    √ picks highest weight; ties go to the earlier candidate (2 ms)

  console.log
    [dotenv@17.2.3] injecting env (49) from .env -- tip: 🔐 prevent building .env in docker: https://dotenvx.com/prebuild

      at _log (node_modules/dotenv/lib/main.js:142:11)

PASS server/tests/world-engine/symbol-game-possession.test.ts
  possession state machine
    √ possesses a live creature in spirit mode (apply fires after the transition) (6 ms)
    √ refuses outside spirit mode (3 ms)
    √ refuses an unknown creature (3 ms)
    √ one body at a time — a second possess is refused, the first stands (3 ms)
    √ dismiss returns to spirit and reports the body being left (3 ms)
    √ dismiss with nothing possessed is refused (2 ms)
    √ toggles cleanly: possess → dismiss → possess another (2 ms)
    √ a session that stopped being spirit (e.g. a dollhouse) cannot possess, but can still dismiss (3 ms)

  console.log
    [dotenv@17.2.3] injecting env (49) from .env -- tip: 🛠️  run anywhere with `dotenvx run -- yourcommand`

      at _log (node_modules/dotenv/lib/main.js:142:11)

PASS server/tests/world-engine/town-build-spots.test.ts
  build spots — the offered ground
    √ collapses one highlight per SLOT, naming every structure that fits it (6 ms)
    √ never offers ground a live designation already staked (2 ms)
    √ carries a building's delta key and focus straight through (2 ms)
    √ puts WORK IN PROGRESS first so it answers for its own ground (3 ms)
    √ is deterministic — same inputs, same spots in the same order (4 ms)
  a building decomposed — its rooms and its room-shaped gaps
    √ gives every room its own aim, carrying the room it names (2 ms)
    √ aims at the ROOM, never at the whole house it belongs to (2 ms)
    √ collapses candidate rects that share a PLACE into one lit area (3 ms)
    √ keeps DIFFERENT places apart, even when they touch at a corner (2 ms)
    √ never offers growth ground a live designation already staked (2 ms)
    √ puts a growth area AHEAD of the room it is cut from (2 ms)
    √ is deterministic — same candidates, same areas in the same order (4 ms)
  spotAt — what the aim lands on
    √ gives the TIGHTEST containing spot — a building beats the lot under it (2 ms)
    √ is null on plain ground (3 ms)

Summary of all failing tests
FAIL server/tests/world-engine/trade-import-channel.test.ts (460.284 s)
  ● T4a — an unlicensed town with a licensed partner sees its shortage FALL › THE PREMISE: it weaves cloth and cannot sew it — no tailor, and a clothing shortage of 1

    expect(received).toContain(expected) // indexOf

    Expected value: "weaver"
    Received array: ["hall", "market", "farm"]

    [0m [90m 436 |[39m   it([32m"THE PREMISE: it weaves cloth and cannot sew it — no tailor, and a clothing shortage of 1"[39m[33m,[39m () [33m=>[39m {
     [90m 437 |[39m     [36mconst[39m works [33m=[39m run[33m.[39msession[33m.[39mtown[33m![39m[33m.[39mplan[33m.[39mworks[33m.[39mmap((w) [33m=>[39m w[33m.[39mtype)[33m;[39m
    [31m[1m>[22m[39m[90m 438 |[39m     expect(works)[33m.[39mtoContain([32m"weaver"[39m)[33m;[39m [90m// the raw good is made here…[39m
     [90m     |[39m                   [31m[1m^[22m[39m
     [90m 439 |[39m     expect(works)[33m.[39mnot[33m.[39mtoContain([32m"tailor"[39m)[33m;[39m [90m// …and nothing in town refines it[39m
     [90m 440 |[39m     expect(scalar([32m"clothing_need"[39m))[33m.[39mtoBeGreaterThan([35m0[39m)[33m;[39m
     [90m 441 |[39m     expect(scalar([32m"clothing_got"[39m))[33m.[39mtoBe([35m0[39m)[33m;[39m[0m

      at Object.<anonymous> (server/tests/world-engine/trade-import-channel.test.ts:438:19)

  ● T4a — an unlicensed town with a licensed partner sees its shortage FALL › �� T3b DURABILITY: the bank rides TownDeltas, and a reboot re-injects it

    expect(received).toBeCloseTo(expected, precision)

    Expected: -0.013861781425020966
    Received: 0

    Expected precision:    9
    Expected difference: < 0.0000000005
    Received difference:   0.013861781425020966

    [0m [90m 606 |[39m     [36mconst[39m debited [33m=[39m buildTownPlay({ seed[33m:[39m [33mSEED[39m[33m,[39m days[33m:[39m [33mYOUNG_DAYS[39m[33m,[39m deltas[33m:[39m saved })[33m;[39m
     [90m 607 |[39m     [36mconst[39m fresh [33m=[39m buildTownPlay({ seed[33m:[39m [33mSEED[39m[33m,[39m days[33m:[39m [33mYOUNG_DAYS[39m })[33m;[39m
    [31m[1m>[22m[39m[90m 608 |[39m     expect(debited[33m.[39mtown[33m.[39mscalar([32m"granary"[39m))[33m.[39mtoBeCloseTo(
     [90m     |[39m                                            [31m[1m^[22m[39m
     [90m 609 |[39m       fresh[33m.[39mtown[33m.[39mscalar([32m"granary"[39m) [33m+[39m saved[33m.[39mdriftBank[33m.[39mgranary[33m,[39m
     [90m 610 |[39m       [35m9[39m[33m,[39m
     [90m 611 |[39m     )[33m;[39m[0m

      at Object.<anonymous> (server/tests/world-engine/trade-import-channel.test.ts:608:44)

  ● B2 — one caravan relieves for eight days, then the shortage climbs back › �� B5 THE CARAVAN DEBIT: what leaves on the cart leaves the books

    expect(received).toBeLessThan(expected)

    Expected: < 0
    Received:   0

    [0m [90m 726 |[39m     [36mconst[39m before [33m=[39m scalar([32m"granary"[39m)[33m;[39m
     [90m 727 |[39m     [36mconst[39m mirrorBefore [33m=[39m t[33m.[39mdeltas[33m.[39mdriftBank[33m.[39mgranary [33m?[39m[33m?[39m [35m0[39m[33m;[39m
    [31m[1m>[22m[39m[90m 728 |[39m     expect(mirrorBefore)[33m.[39mtoBeLessThan([35m0[39m)[33m;[39m [90m// earlier days already charged it[39m
     [90m     |[39m                          [31m[1m^[22m[39m
     [90m 729 |[39m     [36mconst[39m bucket [33m=[39m tr[33m.[39mtradeDay(run[33m.[39msession[33m.[39mtownClock)[33m;[39m
     [90m 730 |[39m     [36mconst[39m day [33m=[39m [33mMath[39m[33m.[39mfloor(run[33m.[39msession[33m.[39mtownClock [33m/[39m [33mFOOD_DAY_SEC[39m)[33m;[39m
     [90m 731 |[39m     crossInto(day [33m+[39m [35m1[39m)[33m;[39m[0m

      at Object.<anonymous> (server/tests/world-engine/trade-import-channel.test.ts:728:26)

FAIL server/tests/world-engine/masonry.test.ts
  ● ensureRefineOrders — which raw gets cut first › the standing trade breaks a tie even when NEITHER raw is reachable

    TypeError: Cannot read properties of undefined (reading 'produces')

    [0m [90m 333 |[39m     [36mconst[39m { play[33m,[39m session[33m,[39m director } [33m=[39m harness([masonry])[33m;[39m
     [90m 334 |[39m     director[33m.[39mensureRefineOrders(session[33m,[39m { block[33m:[39m [35m2[39m })[33m;[39m
    [31m[1m>[22m[39m[90m 335 |[39m     expect(posted(play)[33m![39m[33m.[39mproduces)[33m.[39mtoBe(refinedGlyphOf([32m"stone"[39m))[33m;[39m
     [90m     |[39m                         [31m[1m^[22m[39m
     [90m 336 |[39m   })[33m;[39m
     [90m 337 |[39m
     [90m 338 |[39m   it([32m"NO GATE, the other way: reachable stock still outranks a standing bench"[39m[33m,[39m () [33m=>[39m {[0m

      at Object.<anonymous> (server/tests/world-engine/masonry.test.ts:335:25)

  ● ensureRefineOrders — which raw gets cut first › NO GATE: a masonry-less town with stone still cuts it

    TypeError: Cannot read properties of undefined (reading 'produces')

    [0m [90m 358 |[39m     [36mconst[39m { rest } [33m=[39m director[33m.[39mensureRefineOrders(session[33m,[39m { block[33m:[39m [35m4[39m })[33m;[39m
     [90m 359 |[39m     expect(rest)[33m.[39mtoEqual({})[33m;[39m
    [31m[1m>[22m[39m[90m 360 |[39m     expect(posted(play)[33m![39m[33m.[39mproduces)[33m.[39mtoBe(refinedGlyphOf([32m"stone"[39m))[33m;[39m
     [90m     |[39m                         [31m[1m^[22m[39m
     [90m 361 |[39m     expect(posted(play)[33m![39m[33m.[39mat)[33m.[39mtoEqual(yardAt)[33m;[39m
     [90m 362 |[39m   })[33m;[39m
     [90m 363 |[39m[0m

      at Object.<anonymous> (server/tests/world-engine/masonry.test.ts:360:25)


Test Suites: 2 failed, 95 passed, 97 total
Tests:       5 failed, 1985 passed, 1990 total
Snapshots:   0 total
Time:        1676.545 s
Ran all test suites.
